Year,Number of records,Total worldwide box-office revenue,Share of the highest-grossing film,Share of the top ten,Share of the top twenty,Herfindahl index,Effective number of equally sized films,Share of records with international revenue,Share of international box-office revenue,Share of revenue with known international revenue,"Total revenue index, 2019 = 100",Serial-world share of top-twenty revenue,Share of serial titles in the top twenty,Five-year mean seriality
1977,40,1373165738,0.2237631252346321,0.6602967194044569,0.8742478797559395,0.08289961931914491,12.062781568998822,0.075,6.229400984369739e-06,0.20493310764501466,3.876537217660799,0.29496742378939167,0.1,0.22913404207575483
1978,56,1552435744,0.10307639502533897,0.5684545762429959,0.7843100016898349,0.04459674014911791,22.42316359124691,0.125,1.5545248873115358e-05,0.3509944441217401,4.382628238604459,0.13526327978469807,0.1,0.211512078564722
1979,84,1957969337,0.054270512817535504,0.4097574680251492,0.629084999302009,0.025751033882538493,38.83339226539132,0.10714285714285714,0.00021217186201522215,0.15771182580067136,5.527476251318426,0.2571714226531747,0.2,0.21457582159448063
1980,118,2281403393,0.09178474339193726,0.3889944666177675,0.5785499452003313,0.025349168488712985,39.44902573215614,0.0847457627118644,0.00012035223619043684,0.08144854547430753,6.4405518698298065,0.15864618803162353,0.05,0.17941263099399632
1981,116,2391695825,0.09047375662831204,0.42125166857286295,0.5756432747880889,0.029935342812033822,33.40532982298122,0.08620689655172414,0.04586537295142872,0.14046517432876315,6.751914661401528,0.22683079371351517,0.15,0.2076480561536771
1982,132,2874561279,0.12499702080624875,0.43870260140660583,0.592866163421246,0.03288897591085822,30.4053249547929,0.06060606060606061,0.002729020966541726,0.19809515808899197,8.115075605309146,0.11915147078697003,0.1,0.2638323446705084
1983,159,2674402497,0.09445161574720141,0.36247637597086796,0.542085375565666,0.023300948644708375,42.91670760911698,0.08176100628930817,0.007801288707815621,0.20966635711303705,7.550014195464491,0.276440405583102,0.15,0.3067040980209588
1984,165,3375732485,0.0704658254340317,0.3813184592439646,0.5172055753108648,0.02304080228333897,43.40126648815132,0.09696969696969697,0.008100962715948151,0.22274018700862785,9.529914891431027,0.5380928652373315,0.35,0.3391264237467192
1985,181,3206029788,0.0699496002312253,0.36236356984216517,0.5075169822470782,0.021768514845582274,45.93790651744628,0.06629834254143646,0.04610453544544546,0.22605732851038626,9.050833013218657,0.3730049547838753,0.25,0.3572287981519657
1986,200,3207719400,0.055331153653901274,0.3474524944420014,0.4976565010642764,0.019096606215009745,52.36532547935192,0.09,0.0022154758923115282,0.28042906402598683,9.055602899052648,0.38894242234231735,0.25,0.33858248055039886
1987,200,3578793389,0.04688199115257726,0.28517216281244223,0.4395413643701687,0.015818449749148575,63.217320019227856,0.06,0.005356359509023335,0.11517503336932648,10.103169182609568,0.20966334281320226,0.2,0.3317202471274656
1988,200,3641539609,0.0653828752573648,0.32653408054691846,0.47939427973966053,0.01804191601212365,55.42648570850395,0.08,0.022558359875305148,0.21262490955374364,10.280305889684566,0.18320881757526786,0.2,0.3178579889539847
1989,200,4383005709,0.09153283172235083,0.3718836016236638,0.5441255956164669,0.02347929387830492,42.59071866398883,0.045,0.052483704852961215,0.21034757566180481,12.37351347034429,0.5037816981226652,0.35,0.2931327567176492
1990,200,4593246214,0.06317481416858356,0.3396894852369,0.5000221679821321,0.018737216227540692,53.36972087295235,0.05,0.0022256392372002726,0.2018378488342885,12.96703624748505,0.30369366391647085,0.25,0.33802824325591485
1991,200,4415024805,0.05635852344888468,0.3138821406916195,0.47970782646599425,0.017253095243467884,57.96061436446341,0.06,0.024500039473730657,0.16627616251863844,12.463905484858604,0.26531626116063967,0.25,0.3748349504251286
1992,200,4884819645,0.07093277197135904,0.34424907493181356,0.5051758771740691,0.020026893195410927,49.93285729556622,0.09,0.04833205628004307,0.30495038573732236,13.790167225540776,0.43414077550453073,0.25,0.3362971426568267
1993,200,5546420747,0.17636021348165493,0.388756796564031,0.5083690088829101,0.040700080277347,24.569976107801036,0.11,0.11267770090071748,0.3671188867345408,15.657910662603141,0.36724235342133654,0.1,0.35010105367498806
1994,200,5613901597,0.13734753765759675,0.37787117307749274,0.5261805134914622,0.03113658546564062,32.11655950854036,0.135,0.09700303195392827,0.37528598009731023,15.84841354165501,0.31109265928115576,0.15,0.3417072739272174
1995,200,5764981560,0.0567609175492315,0.2828089797046983,0.4251405204841627,0.015340319324715817,65.18769126199564,0.12,0.07056382535939976,0.27317002137991225,16.274922216613167,0.3727132190072776,0.35,0.30125949570953764
1996,200,5699427943,0.0537201096429407,0.28971804653272726,0.45499633979669385,0.01523097732724848,65.65566860972098,0.085,0.004686540696212466,0.09192390065102364,16.08986004311115,0.22334736242178632,0.15,0.2591341896735645
1997,200,8529186225,0.21612534529928146,0.4268455702525126,0.5588535521746097,0.05579543243869546,17.922614025775992,0.115,0.2203605753724764,0.4056790986528143,24.078453840342114,0.2319018844161319,0.3,0.25948331197652824
1998,200,11297527955,0.0490115882169552,0.31735844976716415,0.5136545312491771,0.018120722134430032,55.18543866968544,0.355,0.4210683850438855,0.8408384654446293,31.893664670739692,0.1566158232414708,0.15,0.2602669948345048
1999,200,12993822964,0.07113419095833697,0.3549735578035077,0.5191594742894174,0.02066461081323775,48.39191064558544,0.52,0.4390807092575376,0.9237931905226472,36.68241707880535,0.3128382707959745,0.2,0.3518568893916264
2000,200,13793777419,0.03961120231267377,0.2721364281860463,0.4401123648434304,0.014282377876496092,70.01635222420896,0.935,0.44792497669923437,0.9909950166493984,38.940741133524135,0.37663163329716026,0.35,0.42525982446142424
2001,200,16153697856,0.060342553122469396,0.3263955202084968,0.48961052190674326,0.01785586675144657,56.00400215346512,0.99,0.5016713101384381,0.9987159228069692,45.60295178412866,0.6812968352073944,0.55,0.5242340452217087
2002,200,17730760669,0.05205728345393414,0.3183261009138829,0.47046441079002305,0.016811154048913167,59.484316013667694,0.99,0.4883671393263675,0.9983491213633503,50.05510385871192,0.5989165597651216,0.45,0.561848047243036
2003,200,18743374716,0.05969507844523211,0.31288729979846175,0.44264717233218653,0.016380129711011333,61.04957760668786,0.995,0.5247917048045426,0.9990624103574582,52.913779932321916,0.6514869270428926,0.5,0.589266937937088
2004,200,19458167115,0.04774910928192015,0.3115471631614672,0.45231704682067636,0.01554731413486293,64.3197912723474,1.0,0.5424184807141328,1.0,54.93168590022085,0.5009082809026116,0.4,0.5630738999436955
2005,200,18896903810,0.04741099626732979,0.3122771225557717,0.4426200917408385,0.015068645258747465,66.36296646637774,0.995,0.5463962137827064,0.9991650403601223,53.34720266521911,0.5137260867674196,0.35,0.5808271735343242
2006,200,19917896215,0.05352873182445187,0.2893841455835701,0.42143889883703767,0.014027512450868319,71.28847709118226,0.99,0.5646450186104658,0.9967508653373109,56.22953139466742,0.5503316452404324,0.4,0.5658722471328808
2007,200,22296768471,0.04310025882225523,0.3123298462311956,0.4622909617331515,0.015360368746858666,65.10260375126144,0.995,0.5792016795526602,0.9986439107963413,62.945244277131366,0.6876829277182647,0.6,0.606363783535173
2008,200,23239394054,0.043195849068500845,0.2746108538445974,0.42176628104952396,0.013357214879501113,74.86590647985065,0.99,0.5946113313837266,0.996597128272095,65.60633831239393,0.5767122950356753,0.5,0.6461936590932755
2009,200,25695977119,0.10677070477975156,0.35390387973516,0.49833600678806705,0.023145642616073714,43.204676430350666,0.99,0.5920572237259237,0.994464415330802,72.54143392118615,0.703365962914073,0.6,0.6994898734826795
2010,200,25567466025,0.04173153890012845,0.29670198292558403,0.4407238915652377,0.014555228067860337,68.70383585456267,0.995,0.617906884732039,0.9990331509983887,72.17863864819974,0.7128754645579325,0.7,0.6909436120456844
2011,200,26924619216,0.04982470534635471,0.29415956647191677,0.4568468909930006,0.015017841788516463,66.58746403658745,1.0,0.6370634231962317,1.0,76.00997139222908,0.8168127171874526,0.75,0.7158929195698625
2012,200,29505781043,0.05147509858446285,0.31484570438795145,0.4697551007309561,0.015936194752643823,62.750237150189164,0.995,0.6339001690462724,0.9988663548356421,83.29676104206727,0.6449516205332887,0.55,0.7136901297946541
2013,200,29059933731,0.0442148173803074,0.3050315400941201,0.45634310789406113,0.015013571076192299,66.606405293258,1.0,0.643979740533153,1.0,82.03810474841453,0.7014588326565656,0.6,0.7297016314736854
2014,200,29994894101,0.036808067009084455,0.2636378049334857,0.43055737501568453,0.013104183526887143,76.31150753865752,1.0,0.6628294650767635,1.0,84.67755938309092,0.6923520140380304,0.65,0.7307227006914484
2015,200,32741808945,0.06316766515479404,0.3518788370353433,0.4966999837216844,0.018877710866068566,52.972524428130406,1.0,0.6704835487213487,1.0,92.43228070465574,0.7929329729530895,0.65,0.7488174752631737
2016,200,32373129527,0.03562510977006786,0.2880835690359112,0.4513250282711847,0.014232636607366695,70.26105054086804,0.995,0.666718549499473,0.9992712770329997,91.39147445256842,0.8219180632762676,0.8,0.7726998884051777
2017,200,34211835792,0.038949675109559524,0.2958079214903301,0.4802890962911237,0.015433979420986014,64.79210401435887,1.0,0.691091675341454,1.0,96.58226320542511,0.735425493391915,0.75,0.8123766314886369
2018,200,34133817066,0.06000968921932641,0.32342313283199686,0.480121498170333,0.017236180447618845,58.01749424932185,1.0,0.6812446325014825,1.0,96.36201120914826,0.820870898366586,0.75,0.764714814823026
2019,200,35422483028,0.07903000751774403,0.3739232577380346,0.5265249667635468,0.021131929346464236,47.321755794499595,0.985,0.6892603330122485,0.9966073755500142,100.0,0.8907357294553266,0.85,0.7657824642678916
2020,200,7849881500,0.06014899970146046,0.43203999092215595,0.6185638562824165,0.025385775821599323,39.39213861445812,0.985,0.8323261260695464,0.9964113845540216,22.16073191084599,0.5546238896250347,0.4,0.7886436855101232
2021,200,18274001397,0.10457385487087253,0.4180833961331671,0.579639956016361,0.027594935130007825,36.23853418349081,0.99,0.7417155614984875,0.9977978104999704,51.58870817315422,0.8272563105005957,0.75,0.7417827378560518
2022,200,21559128448,0.10764031276112558,0.47376612809909446,0.6290472549811305,0.03233987853563757,30.921575629853717,0.995,0.6540408748901945,0.9993840196262094,60.86283796355666,0.8497315996030728,0.7,0.7259475190757488
2023,200,26356105881,0.05490714096892575,0.3231072503445601,0.5004408521711236,0.017994267518803578,55.57325403521005,1.0,0.6782221866427628,1.0,74.40502084556465,0.5865661600962286,0.65,0.7919228840162826
2024,200,22832322505,0.0744060888080032,0.38900115360822335,0.5728432658191379,0.023615509704946448,42.345052573247756,0.99,0.6358382312101981,0.9990454610127714,64.45714854871127,0.8115596355538122,0.7,0.7830895273952043
2025,200,25543896849,0.0888940471151681,0.4374380443224127,0.6195667896153271,0.02891199598886192,34.587719242394776,0.995,0.673917076034306,0.9995429191141423,72.11210131375773,0.8845007143277034,0.8,0.7608755033259147
