ID,Year,Rank,Release,Gross,Theaters,Total Gross,Release Date,Distributor,Genre,Budget,Running Time,Estimated,Release URL,Archetype,Period
1,2005,1,The State Counsellor,238403,36.0,276507,Apr 21,Kinomania,,,,False,https://www.boxofficemojo.com/release/rl1568310529/?ref_=bo_yld_table_1,Other and unclassified,2005 incomplete coverage
2,2005,2,The Pacifier,131581,32.0,151120,Apr 21,Videoservice Ukraine,,,,False,https://www.boxofficemojo.com/release/rl1183090433/?ref_=bo_yld_table_2,Other and unclassified,2005 incomplete coverage
3,2005,3,Sahara,73840,52.0,280063,Apr 14,Central Partnership,,,,False,https://www.boxofficemojo.com/release/rl4173104897/?ref_=bo_yld_table_3,"Action hero, spy, and criminal protagonist",2005 incomplete coverage
4,2005,4,Constantine,32815,38.0,591396,Mar 31,Kinomania,,,,False,https://www.boxofficemojo.com/release/rl2314634753/?ref_=bo_yld_table_4,Superhero and comics,2005 incomplete coverage
5,2005,5,Pobeg,21528,31.0,181908,Mar 31,Central Partnership,,,,False,https://www.boxofficemojo.com/release/rl628262145/?ref_=bo_yld_table_5,Other and unclassified,2005 incomplete coverage
6,2005,6,The Ring Two,21023,32.0,460037,Apr 7,,,,,False,https://www.boxofficemojo.com/release/rl1605535489/?ref_=bo_yld_table_6,Horror and survival hero,2005 incomplete coverage
7,2005,7,Miss Congeniality 2: Armed and Fabulous,20435,21.0,111746,Apr 14,Kinomania,,,,False,https://www.boxofficemojo.com/release/rl2111473409/?ref_=bo_yld_table_7,Comic and romantic hero,2005 incomplete coverage
8,2005,8,Shadowboxing,17250,21.0,920875,Mar 17,Central Partnership,,,,False,https://www.boxofficemojo.com/release/rl1759347713/?ref_=bo_yld_table_8,"Action hero, spy, and criminal protagonist",2005 incomplete coverage
9,2005,9,Be Cool,5809,14.0,99662,Apr 7,Gemini Film,,,,False,https://www.boxofficemojo.com/release/rl893289985/?ref_=bo_yld_table_9,"Action hero, spy, and criminal protagonist",2005 incomplete coverage
10,2005,10,Hitch,3756,4.0,585854,Mar 3,Kaskad,,,,False,https://www.boxofficemojo.com/release/rl57313025/?ref_=bo_yld_table_10,Comic and romantic hero,2005 incomplete coverage
11,2006,1,Pirates of the Caribbean: Dead Man's Chest,2937011,,3124047,Jul 13,Videoservice Ukraine,,,,False,https://www.boxofficemojo.com/release/rl1838319361/?ref_=bo_yld_table_1,Fantasy hero and quest,2006–2009 market formation
12,2006,2,The Da Vinci Code,2046115,,2111254,May 18,Cascade Film,,,,False,https://www.boxofficemojo.com/release/rl2290451969/?ref_=bo_yld_table_2,Fantasy hero and quest,2006–2009 market formation
13,2006,3,Casino Royale,1201323,,1201323,Nov 16,Cascade Film,,,,False,https://www.boxofficemojo.com/release/rl1259570945/?ref_=bo_yld_table_3,"Action hero, spy, and criminal protagonist",2006–2009 market formation
14,2006,4,Perfume: The Story of a Murderer,1127874,,1127874,Sep 14,Cinergia,,,,False,https://www.boxofficemojo.com/release/rl1133414145/?ref_=bo_yld_table_4,Other and unclassified,2006–2009 market formation
15,2006,5,The Devil Wears Prada,665941,,689452,Oct 5,20th Century Fox International,,,,False,https://www.boxofficemojo.com/release/rl1670350337/?ref_=bo_yld_table_5,Other and unclassified,2006–2009 market formation
16,2006,6,Open Season,656280,,656280,Oct 26,Cascade Film,,,,False,https://www.boxofficemojo.com/release/rl3162605313/?ref_=bo_yld_table_6,Animated and family hero,2006–2009 market formation
17,2006,7,Mission: Impossible III,633723,,729555,May 4,,,,,False,https://www.boxofficemojo.com/release/rl3168044801/?ref_=bo_yld_table_7,"Action hero, spy, and criminal protagonist",2006–2009 market formation
18,2006,8,X-Men: The Last Stand,631533,,688535,May 25,20th Century Fox International,,,,False,https://www.boxofficemojo.com/release/rl1916503041/?ref_=bo_yld_table_8,Superhero and comics,2006–2009 market formation
19,2006,9,Eragon,597413,,698300,Dec 14,Gemini Film,,,,False,https://www.boxofficemojo.com/release/rl1722189313/?ref_=bo_yld_table_9,Other and unclassified,2006–2009 market formation
20,2006,10,Poseidon,594786,,618197,Jun 22,Kinomania,,,,False,https://www.boxofficemojo.com/release/rl1519945473/?ref_=bo_yld_table_10,Other and unclassified,2006–2009 market formation
21,2006,11,The Fast and the Furious: Tokyo Drift,544411,,567963,Jul 6,,,,,False,https://www.boxofficemojo.com/release/rl4071654913/?ref_=bo_yld_table_11,Other and unclassified,2006–2009 market formation
22,2006,12,Cars,530522,,551420,Jun 15,Videoservice Ukraine,,,,False,https://www.boxofficemojo.com/release/rl1961002497/?ref_=bo_yld_table_12,Animated and family hero,2006–2009 market formation
23,2006,13,Garfield: A Tail of Two Kitties,511904,,550029,Aug 17,20th Century Fox International,,,,False,https://www.boxofficemojo.com/release/rl3091629825/?ref_=bo_yld_table_13,Animated and family hero,2006–2009 market formation
24,2006,14,The Omen,467490,,650629,Jun 8,20th Century Fox International,,,,False,https://www.boxofficemojo.com/release/rl2935785217/?ref_=bo_yld_table_14,Other and unclassified,2006–2009 market formation
25,2006,15,Apocalypto,445770,,610612,Dec 14,Central Partnership,,,,False,https://www.boxofficemojo.com/release/rl2167113217/?ref_=bo_yld_table_15,Other and unclassified,2006–2009 market formation
26,2006,16,Flushed Away,383891,,477575,Nov 2,,,,,False,https://www.boxofficemojo.com/release/rl716867073/?ref_=bo_yld_table_16,Other and unclassified,2006–2009 market formation
27,2006,17,The Break-Up,348943,,368638,Jun 29,,,,,False,https://www.boxofficemojo.com/release/rl4007036417/?ref_=bo_yld_table_17,Animated and family hero,2006–2009 market formation
28,2006,18,The Illusionist,339834,,339834,Nov 16,JRC Film,,,,False,https://www.boxofficemojo.com/release/rl3514730241/?ref_=bo_yld_table_18,Other and unclassified,2006–2009 market formation
29,2006,19,My Super Ex-Girlfriend,324892,,350633,Aug 31,20th Century Fox International,,,,False,https://www.boxofficemojo.com/release/rl1500742657/?ref_=bo_yld_table_19,Other and unclassified,2006–2009 market formation
30,2006,20,Click,302088,,313633,Aug 3,Cascade Film,,,,False,https://www.boxofficemojo.com/release/rl619808257/?ref_=bo_yld_table_20,Other and unclassified,2006–2009 market formation
112,2007,1,Pirates of the Caribbean: At World's End,3193670,31.0,3193670,May 23,Videoservice Ukraine,,,,False,https://www.boxofficemojo.com/release/rl2861729537/?ref_=bo_yld_table_1,Fantasy hero and quest,2006–2009 market formation
113,2007,2,Shrek the Third,2190826,1.0,2190826,May 17,Videoservice Ukraine,,,,False,https://www.boxofficemojo.com/release/rl1481671681/?ref_=bo_yld_table_2,Animated and family hero,2006–2009 market formation
114,2007,3,Harry Potter and the Order of the Phoenix,2058044,58.0,2058044,Jul 19,Kinomania,,,,False,https://www.boxofficemojo.com/release/rl2342225665/?ref_=bo_yld_table_3,Fantasy hero and quest,2006–2009 market formation
115,2007,4,Transformers,2016732,89.0,2067953,Jul 5,Videoservice Ukraine,,,,False,https://www.boxofficemojo.com/release/rl1846182913/?ref_=bo_yld_table_4,Science-fiction and posthuman hero,2006–2009 market formation
116,2007,5,300,1634440,,1634440,Mar 22,Videoservice Ukraine,,,,False,https://www.boxofficemojo.com/release/rl2433779201/?ref_=bo_yld_table_5,"Historical, military, and biographical hero",2006–2009 market formation
117,2007,6,Spider-Man 3,1439035,,1439035,May 3,Videoservice Ukraine,,,,False,https://www.boxofficemojo.com/release/rl1164149761/?ref_=bo_yld_table_6,Superhero and comics,2006–2009 market formation
118,2007,7,Taxi 4,1351060,,1505365,Mar 6,Central Partnership,,,,False,https://www.boxofficemojo.com/release/rl2959901953/?ref_=bo_yld_table_7,"Action hero, spy, and criminal protagonist",2006–2009 market formation
119,2007,8,The Heartbreak Kid,1227819,62.0,1227819,Oct 4,Videoservice Ukraine,,,,False,https://www.boxofficemojo.com/release/rl3913843713/?ref_=bo_yld_table_8,Other and unclassified,2006–2009 market formation
120,2007,9,Ratatouille,1142583,70.0,1142583,Jun 28,Videoservice Ukraine,,,,False,https://www.boxofficemojo.com/release/rl2594735873/?ref_=bo_yld_table_9,Animated and family hero,2006–2009 market formation
121,2007,10,Resident Evil: Extinction,1076761,63.0,1076761,Sep 20,Paradise Group,,,,False,https://www.boxofficemojo.com/release/rl3148973825/?ref_=bo_yld_table_10,Horror and survival hero,2006–2009 market formation
122,2007,11,Live Free or Die Hard,1022189,73.0,1061289,Jun 27,Gemini Film,,,,False,https://www.boxofficemojo.com/release/rl3415311873/?ref_=bo_yld_table_11,"Action hero, spy, and criminal protagonist",2006–2009 market formation
123,2007,12,Bee Movie,998081,62.0,998081,Nov 1,Videoservice Ukraine,,,,False,https://www.boxofficemojo.com/release/rl2906555905/?ref_=bo_yld_table_12,Animated and family hero,2006–2009 market formation
124,2007,13,Revenge,966357,63.0,966357,Oct 18,Central Partnership,,,,False,https://www.boxofficemojo.com/release/rl1826456577/?ref_=bo_yld_table_13,Other and unclassified,2006–2009 market formation
125,2007,14,Ghost Rider,935245,,990847,Feb 15,Videoservice Ukraine,,,,False,https://www.boxofficemojo.com/release/rl2370537217/?ref_=bo_yld_table_14,Superhero and comics,2006–2009 market formation
126,2007,15,Lyubov-Morkov,902707,,902707,Mar 8,Gemini Film,,,,False,https://www.boxofficemojo.com/release/rl1706066945/?ref_=bo_yld_table_15,Other and unclassified,2006–2009 market formation
127,2007,16,The Irony of Fate 2,882595,117.0,4094207,Dec 21,Gemini Film,,,,False,https://www.boxofficemojo.com/release/rl529695745/?ref_=bo_yld_table_16,Other and unclassified,2006–2009 market formation
128,2007,17,Ocean's Thirteen,872197,25.0,872197,Jun 7,Kinomania,,,,False,https://www.boxofficemojo.com/release/rl2952431361/?ref_=bo_yld_table_17,"Action hero, spy, and criminal protagonist",2006–2009 market formation
129,2007,18,The Golden Compass,861098,56.0,944886,Dec 6,Kinomania,,,,False,https://www.boxofficemojo.com/release/rl1414563585/?ref_=bo_yld_table_18,Other and unclassified,2006–2009 market formation
130,2007,19,Night at the Museum,799823,,1415434,Dec 28,Gemini Film,,,,False,https://www.boxofficemojo.com/release/rl2884863745/?ref_=bo_yld_table_19,Other and unclassified,2006–2009 market formation
131,2007,20,Stardust,777758,75.0,1013277,Aug 16,Videoservice Ukraine,,,,False,https://www.boxofficemojo.com/release/rl1499890689/?ref_=bo_yld_table_20,Other and unclassified,2006–2009 market formation
295,2008,1,Admiral,3990040,119.0,4057105,Oct 8,Gemini Film,,,,False,https://www.boxofficemojo.com/release/rl1053197313/?ref_=bo_yld_table_1,"Historical, military, and biographical hero",2006–2009 market formation
296,2008,2,Madagascar: Escape 2 Africa,2908917,92.0,2909047,Oct 30,,,,,False,https://www.boxofficemojo.com/release/rl3401615105/?ref_=bo_yld_table_2,Animated and family hero,2006–2009 market formation
297,2008,3,The Best Movie,2443567,90.0,2443567,Jan 24,Gemini Film,,,,False,https://www.boxofficemojo.com/release/rl3188229377/?ref_=bo_yld_table_3,Other and unclassified,2006–2009 market formation
298,2008,4,The Mummy: Tomb of the Dragon Emperor,2202387,91.0,2429865,Jul 31,,,,,False,https://www.boxofficemojo.com/release/rl3756492545/?ref_=bo_yld_table_4,Fantasy hero and quest,2006–2009 market formation
299,2008,5,Hancock,2145629,80.0,2145629,Jul 10,,,,,False,https://www.boxofficemojo.com/release/rl4178019329/?ref_=bo_yld_table_5,Superhero and comics,2006–2009 market formation
300,2008,6,Quantum of Solace,2013116,94.0,2026217,Nov 6,,,,,False,https://www.boxofficemojo.com/release/rl4229138177/?ref_=bo_yld_table_6,"Action hero, spy, and criminal protagonist",2006–2009 market formation
301,2008,7,Kung Fu Panda,1820945,80.0,1820945,Jun 5,,,,,False,https://www.boxofficemojo.com/release/rl589596417/?ref_=bo_yld_table_7,Animated and family hero,2006–2009 market formation
302,2008,8,Wanted,1807051,80.0,1807051,Jun 26,,,,,False,https://www.boxofficemojo.com/release/rl35947521/?ref_=bo_yld_table_8,"Action hero, spy, and criminal protagonist",2006–2009 market formation
303,2008,9,Indiana Jones and the Kingdom of the Crystal Skull,1649501,89.0,1649501,May 22,,,,,False,https://www.boxofficemojo.com/release/rl33916673/?ref_=bo_yld_table_9,"Action hero, spy, and criminal protagonist",2006–2009 market formation
304,2008,10,Hitler Goes Kaput!,1451233,88.0,1451233,Sep 18,Gemini Film,,,,False,https://www.boxofficemojo.com/release/rl568034305/?ref_=bo_yld_table_10,Other and unclassified,2006–2009 market formation
305,2008,11,The Irony of Fate 2,1414604,117.0,4094207,Dec 21,Gemini Film,,,,False,https://www.boxofficemojo.com/release/rl529695745/?ref_=bo_yld_table_11,Other and unclassified,2006–2009 market formation
306,2008,12,National Treasure: Book of Secrets,1343374,74.0,1803667,Dec 31,,,,,False,https://www.boxofficemojo.com/release/rl518817537/?ref_=bo_yld_table_12,Fantasy hero and quest,2006–2009 market formation
307,2008,13,WALL·E,1223653,76.0,1223653,Jul 3,,,,,False,https://www.boxofficemojo.com/release/rl1982170113/?ref_=bo_yld_table_13,Other and unclassified,2006–2009 market formation
308,2008,14,Sex and the City,1216927,46.0,1216927,Jun 19,Kinomania,,,,False,https://www.boxofficemojo.com/release/rl4148921345/?ref_=bo_yld_table_14,Comic and romantic hero,2006–2009 market formation
309,2008,15,The Chronicles of Narnia: Prince Caspian,1121175,83.0,1121175,May 15,,,,,False,https://www.boxofficemojo.com/release/rl787318529/?ref_=bo_yld_table_15,Fantasy hero and quest,2006–2009 market formation
310,2008,16,Summer Lover,1110161,80.0,1110161,Mar 6,Gemini Film,,,,False,https://www.boxofficemojo.com/release/rl2438759681/?ref_=bo_yld_table_16,Comic and romantic hero,2006–2009 market formation
311,2008,17,Death Race,966710,57.0,966710,Aug 28,,,,,False,https://www.boxofficemojo.com/release/rl4119430657/?ref_=bo_yld_table_17,"Action hero, spy, and criminal protagonist",2006–2009 market formation
312,2008,18,"10,000 BC",902858,55.0,902858,Mar 20,Kinomania,,,,False,https://www.boxofficemojo.com/release/rl805996033/?ref_=bo_yld_table_18,"Historical, military, and biographical hero",2006–2009 market formation
313,2008,19,What Happens in Vegas,864619,63.0,864619,May 8,Gemini Film,,,,False,https://www.boxofficemojo.com/release/rl1731036161/?ref_=bo_yld_table_19,Other and unclassified,2006–2009 market formation
314,2008,20,The Day the Earth Stood Still,855457,102.0,1079765,Dec 11,20th Century Fox International,,,,False,https://www.boxofficemojo.com/release/rl3833890305/?ref_=bo_yld_table_20,Other and unclassified,2006–2009 market formation
445,2009,1,Avatar,3259203,123.0,8158011,Dec 17,20th Century Fox International,,,,False,https://www.boxofficemojo.com/release/rl3207824897/?ref_=bo_yld_table_1,Science-fiction and posthuman hero,2006–2009 market formation
446,2009,2,2012,3255512,90.0,3256007,Nov 12,Sony Pictures Releasing,,,,False,https://www.boxofficemojo.com/release/rl2853144065/?ref_=bo_yld_table_2,Other and unclassified,2006–2009 market formation
447,2009,3,Ice Age: Dawn of the Dinosaurs,2837355,107.0,2837355,Jul 1,20th Century Fox International,,,,False,https://www.boxofficemojo.com/release/rl2591721217/?ref_=bo_yld_table_3,Animated and family hero,2006–2009 market formation
448,2009,4,No Love in the City,2276763,89.0,2276763,Mar 3,Gemini Film,,,,False,https://www.boxofficemojo.com/release/rl2945352705/?ref_=bo_yld_table_4,Comic and romantic hero,2006–2009 market formation
449,2009,5,Taras Bulba,1834005,90.0,1834005,Apr 2,Central Partnership,,,,False,https://www.boxofficemojo.com/release/rl845972737/?ref_=bo_yld_table_5,"Historical, military, and biographical hero",2006–2009 market formation
450,2009,6,Harry Potter and the Half-Blood Prince,1790759,91.0,1790759,Jul 17,Warner Bros.,,,,False,https://www.boxofficemojo.com/release/rl3382413057/?ref_=bo_yld_table_6,Fantasy hero and quest,2006–2009 market formation
451,2009,7,High Security Vacation,1536276,100.0,1725910,Aug 25,Gemini Films,,,,False,https://www.boxofficemojo.com/release/rl2693432321/?ref_=bo_yld_table_7,Other and unclassified,2006–2009 market formation
452,2009,8,Angels & Demons,1496820,100.0,1577031,May 14,Sony Pictures Releasing,,,,False,https://www.boxofficemojo.com/release/rl2150073857/?ref_=bo_yld_table_8,Fantasy hero and quest,2006–2009 market formation
453,2009,9,Transformers: Revenge of the Fallen,1347154,98.0,1485242,Jun 24,Paramount Pictures International,,,,False,https://www.boxofficemojo.com/release/rl2701820929/?ref_=bo_yld_table_9,Science-fiction and posthuman hero,2006–2009 market formation
454,2009,10,Terminator Salvation,1321833,110.0,1321833,Jun 4,,,,,False,https://www.boxofficemojo.com/release/rl2877129729/?ref_=bo_yld_table_10,Science-fiction and posthuman hero,2006–2009 market formation
455,2009,11,The Twilight Saga: New Moon,1310482,72.0,1315158,Nov 26,,,,,False,https://www.boxofficemojo.com/release/rl4126050049/?ref_=bo_yld_table_11,Fantasy hero and quest,2006–2009 market formation
456,2009,12,The Best Movie 2,1159002,144.0,1159002,Jan 22,,,,,False,https://www.boxofficemojo.com/release/rl2925364481/?ref_=bo_yld_table_12,Other and unclassified,2006–2009 market formation
457,2009,13,The Final Destination,1044270,59.0,1044270,Sep 10,Kinomania,,,,False,https://www.boxofficemojo.com/release/rl263685633/?ref_=bo_yld_table_13,Horror and survival hero,2006–2009 market formation
458,2009,14,Fast & Furious,1007293,71.0,1007293,Apr 9,Universal Pictures International (UPI),,,,False,https://www.boxofficemojo.com/release/rl867403265/?ref_=bo_yld_table_14,"Action hero, spy, and criminal protagonist",2006–2009 market formation
459,2009,15,The Proposal,927675,60.0,927675,Jul 9,Walt Disney Pictures,,,,False,https://www.boxofficemojo.com/release/rl2460190465/?ref_=bo_yld_table_15,Comic and romantic hero,2006–2009 market formation
460,2009,16,G-Force,853401,73.0,853401,Aug 20,Walt Disney Pictures,,,,False,https://www.boxofficemojo.com/release/rl2487781121/?ref_=bo_yld_table_16,Other and unclassified,2006–2009 market formation
461,2009,17,Monsters vs. Aliens,842356,81.0,842356,Mar 19,Paramount Pictures International,,,,False,https://www.boxofficemojo.com/release/rl652183297/?ref_=bo_yld_table_17,Science-fiction and posthuman hero,2006–2009 market formation
462,2009,18,Bedtime Stories,783373,55.0,783373,Jan 1,,,,,False,https://www.boxofficemojo.com/release/rl1816036865/?ref_=bo_yld_table_18,Other and unclassified,2006–2009 market formation
463,2009,19,Night at the Museum: Battle of the Smithsonian,769104,94.0,786266,May 21,Gemini Films,,,,False,https://www.boxofficemojo.com/release/rl754157313/?ref_=bo_yld_table_19,Other and unclassified,2006–2009 market formation
464,2009,20,The Hangover,749367,45.0,879581,Jun 11,Warner Bros.,,,,False,https://www.boxofficemojo.com/release/rl425625345/?ref_=bo_yld_table_20,Comic and romantic hero,2006–2009 market formation
568,2010,1,Avatar,5186495,123.0,8158011,Dec 17,20th Century Fox International,,,,False,https://www.boxofficemojo.com/release/rl3207824897/?ref_=bo_yld_table_1,Science-fiction and posthuman hero,2010–2013 market expansion
569,2010,2,Shrek Forever After,4007651,103.0,4007651,May 20,Paramount Pictures International,,,,False,https://www.boxofficemojo.com/release/rl2756740097/?ref_=bo_yld_table_2,Animated and family hero,2010–2013 market expansion
570,2010,3,Alice in Wonderland,3484583,87.0,3484583,Mar 11,Walt Disney Pictures,,,,False,https://www.boxofficemojo.com/release/rl521963009/?ref_=bo_yld_table_3,Fantasy hero and quest,2010–2013 market expansion
571,2010,4,Harry Potter and the Deathly Hallows: Part 1,2914269,119.0,2929841,Nov 19,Warner Bros.,,,,False,https://www.boxofficemojo.com/release/rl211453697/?ref_=bo_yld_table_4,Fantasy hero and quest,2010–2013 market expansion
572,2010,5,Lyubov v bolshom gorode 2,2585582,119.0,2585582,Mar 4,,,,,False,https://www.boxofficemojo.com/release/rl783516673/?ref_=bo_yld_table_5,Other and unclassified,2010–2013 market expansion
573,2010,6,Clash of the Titans,2187629,104.0,2187629,Apr 8,Warner Bros.,,,,False,https://www.boxofficemojo.com/release/rl317621761/?ref_=bo_yld_table_6,Fantasy hero and quest,2010–2013 market expansion
574,2010,7,Megamind,1769092,96.0,1780018,Oct 28,Paramount Pictures International,,,,False,https://www.boxofficemojo.com/release/rl1422886657/?ref_=bo_yld_table_7,Animated and family hero,2010–2013 market expansion
575,2010,8,The Last Airbender,1752582,79.0,1752582,Jul 8,Paramount Pictures International,,,,False,https://www.boxofficemojo.com/release/rl1948813057/?ref_=bo_yld_table_8,Fantasy hero and quest,2010–2013 market expansion
576,2010,9,Resident Evil: Afterlife,1738030,98.0,1738030,Sep 16,Sony Pictures Releasing,,,,False,https://www.boxofficemojo.com/release/rl2243004161/?ref_=bo_yld_table_9,Horror and survival hero,2010–2013 market expansion
577,2010,10,The Twilight Saga: Eclipse,1686847,97.0,1686847,Jul 8,,,,,False,https://www.boxofficemojo.com/release/rl1805747713/?ref_=bo_yld_table_10,Fantasy hero and quest,2010–2013 market expansion
578,2010,11,Prince of Persia: The Sands of Time,1581120,103.0,1581120,Jun 3,Walt Disney Pictures,,,,False,https://www.boxofficemojo.com/release/rl3634267905/?ref_=bo_yld_table_11,Fantasy hero and quest,2010–2013 market expansion
579,2010,12,Inception,1493821,52.0,1493821,Jul 22,Warner Bros.,,,,False,https://www.boxofficemojo.com/release/rl1443071745/?ref_=bo_yld_table_12,Science-fiction and posthuman hero,2010–2013 market expansion
580,2010,13,Nasha Russia. Yaytsa sudby,1466269,81.0,1466269,Jan 21,,,,,False,https://www.boxofficemojo.com/release/rl2962129921/?ref_=bo_yld_table_13,Other and unclassified,2010–2013 market expansion
581,2010,14,Robin Hood,1435194,101.0,1435194,May 13,Universal Pictures International (UPI),,,,False,https://www.boxofficemojo.com/release/rl3707143937/?ref_=bo_yld_table_14,Other and unclassified,2010–2013 market expansion
582,2010,15,How to Train Your Dragon,1431171,83.0,1431171,Mar 18,Paramount Pictures International,,,,False,https://www.boxofficemojo.com/release/rl4067723009/?ref_=bo_yld_table_15,Animated and family hero,2010–2013 market expansion
583,2010,16,Tangled,1360565,94.0,2112218,Dec 16,Walt Disney Pictures,,,,False,https://www.boxofficemojo.com/release/rl1856538369/?ref_=bo_yld_table_16,Animated and family hero,2010–2013 market expansion
584,2010,17,A Christmas Carol,1326679,78.0,1329285,Dec 31,Walt Disney Pictures,,,,False,https://www.boxofficemojo.com/release/rl2834138625/?ref_=bo_yld_table_17,Other and unclassified,2010–2013 market expansion
585,2010,18,Salt,1242676,79.0,1242676,Jul 29,Sony Pictures Releasing,,,,False,https://www.boxofficemojo.com/release/rl1656719105/?ref_=bo_yld_table_18,Other and unclassified,2010–2013 market expansion
586,2010,19,The Sorcerer's Apprentice,1231202,88.0,1231202,Jul 22,Walt Disney Pictures,,,,False,https://www.boxofficemojo.com/release/rl4200563713/?ref_=bo_yld_table_19,Other and unclassified,2010–2013 market expansion
587,2010,20,Iron Man 2,1199098,99.0,1199098,Apr 29,Paramount Pictures International,,,,False,https://www.boxofficemojo.com/release/rl990676737/?ref_=bo_yld_table_20,Superhero and comics,2010–2013 market expansion
714,2011,1,Pirates of the Caribbean: On Stranger Tides,5155702,153.0,5268571,May 18,Walt Disney Pictures,,,,False,https://www.boxofficemojo.com/release/rl3834808065/?ref_=bo_yld_table_1,Fantasy hero and quest,2010–2013 market expansion
715,2011,2,Puss in Boots,4107338,124.0,4107338,Oct 27,Paramount Pictures International,,,,False,https://www.boxofficemojo.com/release/rl1369736961/?ref_=bo_yld_table_2,Animated and family hero,2010–2013 market expansion
716,2011,3,Transformers: Dark of the Moon,3973470,132.0,4085682,Jun 30,Paramount Pictures International,,,,False,https://www.boxofficemojo.com/release/rl722109441/?ref_=bo_yld_table_3,Science-fiction and posthuman hero,2010–2013 market expansion
717,2011,4,Harry Potter and the Deathly Hallows: Part 2,3558720,129.0,3558720,Jul 14,Warner Bros.,,,,False,https://www.boxofficemojo.com/release/rl1218086657/?ref_=bo_yld_table_4,Fantasy hero and quest,2010–2013 market expansion
718,2011,5,Sluzhebnyy roman. Nashe vremya,2784589,130.0,2795748,Mar 16,,,,,False,https://www.boxofficemojo.com/release/rl2674230529/?ref_=bo_yld_table_5,Other and unclassified,2010–2013 market expansion
719,2011,6,Vysotsky. Thank You for Being Alive,2678165,89.0,2678165,Dec 1,Synergy,,,,False,https://www.boxofficemojo.com/release/rl3473573121/?ref_=bo_yld_table_6,"Historical, military, and biographical hero",2010–2013 market expansion
720,2011,7,Cars 2,2470971,125.0,2470971,Jun 23,Walt Disney Pictures,,,,False,https://www.boxofficemojo.com/release/rl2866972161/?ref_=bo_yld_table_7,Animated and family hero,2010–2013 market expansion
721,2011,8,The Twilight Saga: Breaking Dawn - Part 1,2423266,83.0,2423266,Nov 17,,,,,False,https://www.boxofficemojo.com/release/rl1809221121/?ref_=bo_yld_table_8,Fantasy hero and quest,2010–2013 market expansion
722,2011,9,Kung Fu Panda 2,2286825,133.0,2286825,May 26,,,,,False,https://www.boxofficemojo.com/release/rl1680115457/?ref_=bo_yld_table_9,Animated and family hero,2010–2013 market expansion
723,2011,10,Tron: Legacy,2166980,99.0,2205929,Dec 30,Walt Disney Pictures,,,,False,https://www.boxofficemojo.com/release/rl235897857/?ref_=bo_yld_table_10,Science-fiction and posthuman hero,2010–2013 market expansion
724,2011,11,Fast Five,2014415,101.0,2014415,Apr 28,Universal Pictures International (UPI),,,,False,https://www.boxofficemojo.com/release/rl1118864897/?ref_=bo_yld_table_11,Other and unclassified,2010–2013 market expansion
725,2011,12,Yolki 2,1872358,122.0,2368155,Dec 15,,,,,False,https://www.boxofficemojo.com/release/rl2333115649/?ref_=bo_yld_table_12,Other and unclassified,2010–2013 market expansion
726,2011,13,Rio,1838484,110.0,1838484,Apr 7,20th Century Fox International,,,,False,https://www.boxofficemojo.com/release/rl3501360897/?ref_=bo_yld_table_13,Animated and family hero,2010–2013 market expansion
727,2011,14,Real Steel,1724660,109.0,1724660,Oct 6,Walt Disney Pictures,,,,False,https://www.boxofficemojo.com/release/rl682264321/?ref_=bo_yld_table_14,Science-fiction and posthuman hero,2010–2013 market expansion
728,2011,15,The Tourist,1568349,79.0,1635972,Jan 5,Sony Pictures Releasing,,,,False,https://www.boxofficemojo.com/release/rl3624305665/?ref_=bo_yld_table_15,Other and unclassified,2010–2013 market expansion
729,2011,16,Immortals,1460812,100.0,1460812,Nov 10,Aurora,,,,False,https://www.boxofficemojo.com/release/rl1613202433/?ref_=bo_yld_table_16,Fantasy hero and quest,2010–2013 market expansion
730,2011,17,Thor,1449531,105.0,1477787,Apr 27,Paramount Pictures International,,,,False,https://www.boxofficemojo.com/release/rl3204482049/?ref_=bo_yld_table_17,Superhero and comics,2010–2013 market expansion
731,2011,18,Lucky Trouble,1414182,93.0,1414182,Feb 17,,,,,False,https://www.boxofficemojo.com/release/rl3406464257/?ref_=bo_yld_table_18,Other and unclassified,2010–2013 market expansion
732,2011,19,In Time,1383997,78.0,1383997,Oct 27,,,,,False,https://www.boxofficemojo.com/release/rl1895401217/?ref_=bo_yld_table_19,Other and unclassified,2010–2013 market expansion
733,2011,20,Final Destination 5,1305449,92.0,1305449,Aug 25,Warner Bros.,,,,False,https://www.boxofficemojo.com/release/rl1454867969/?ref_=bo_yld_table_20,Horror and survival hero,2010–2013 market expansion
868,2012,1,Madagascar 3: Europe's Most Wanted,4861381,335.0,4861381,Jun 7,,,,,False,https://www.boxofficemojo.com/release/rl1371768577/?ref_=bo_yld_table_1,Animated and family hero,2010–2013 market expansion
869,2012,2,Ice Age: Continental Drift,4513729,157.0,4513729,Jul 12,Ukrainian Film Distribution (UFD),,,,False,https://www.boxofficemojo.com/release/rl3782903553/?ref_=bo_yld_table_2,Animated and family hero,2010–2013 market expansion
870,2012,3,Men in Black 3,3811177,137.0,3811177,May 24,Sony Pictures Releasing,,,,False,https://www.boxofficemojo.com/release/rl1071023873/?ref_=bo_yld_table_3,"Action hero, spy, and criminal protagonist",2010–2013 market expansion
871,2012,4,The Twilight Saga: Breaking Dawn - Part 2,3346807,107.0,3346807,Nov 15,Gemini Films,,,,False,https://www.boxofficemojo.com/release/rl450266625/?ref_=bo_yld_table_4,Fantasy hero and quest,2010–2013 market expansion
872,2012,5,John Carter,2826302,114.0,2826302,Mar 8,Walt Disney Pictures,,,,False,https://www.boxofficemojo.com/release/rl873760513/?ref_=bo_yld_table_5,Fantasy hero and quest,2010–2013 market expansion
873,2012,6,Skyfall,2797960,150.0,2508384,Nov 1,,,,,False,https://www.boxofficemojo.com/release/rl1389463041/?ref_=bo_yld_table_6,"Action hero, spy, and criminal protagonist",2010–2013 market expansion
874,2012,7,Corporal vs. Napoleon,2506634,118.0,2506634,Jan 27,,,,,False,https://www.boxofficemojo.com/release/rl2086307073/?ref_=bo_yld_table_7,"Historical, military, and biographical hero",2010–2013 market expansion
875,2012,8,The Hobbit: An Unexpected Journey,2223752,148.0,3987033,Dec 20,Warner Bros.,,,,False,https://www.boxofficemojo.com/release/rl4268590849/?ref_=bo_yld_table_8,Fantasy hero and quest,2010–2013 market expansion
876,2012,9,The Avengers,2170861,117.0,2210225,May 3,Walt Disney Pictures,,,,False,https://www.boxofficemojo.com/release/rl221414913/?ref_=bo_yld_table_9,Superhero and comics,2010–2013 market expansion
877,2012,10,8 First Dates,2097476,113.0,2097476,Mar 8,Ukrainian Film Distribution (UFD),,,,False,https://www.boxofficemojo.com/release/rl2076476417/?ref_=bo_yld_table_10,Other and unclassified,2010–2013 market expansion
878,2012,11,Battleship,1994042,140.0,1994042,Apr 19,Universal Pictures International (UPI),,,,False,https://www.boxofficemojo.com/release/rl2453308929/?ref_=bo_yld_table_11,Science-fiction and posthuman hero,2010–2013 market expansion
879,2012,12,Cloud Atlas,1858083,120.0,1888105,Nov 8,,,,,False,https://www.boxofficemojo.com/release/rl821069313/?ref_=bo_yld_table_12,Other and unclassified,2010–2013 market expansion
880,2012,13,Ted,1831576,106.0,1831576,Aug 2,,,,,False,https://www.boxofficemojo.com/release/rl528122881/?ref_=bo_yld_table_13,Other and unclassified,2010–2013 market expansion
881,2012,14,The Amazing Spider-Man,1773289,142.0,1773289,Jul 5,,,,,False,https://www.boxofficemojo.com/release/rl2405663745/?ref_=bo_yld_table_14,Superhero and comics,2010–2013 market expansion
882,2012,15,Rise of the Guardians,1701845,124.0,1749620,Nov 22,Paramount Pictures International,,,,False,https://www.boxofficemojo.com/release/rl2589624065/?ref_=bo_yld_table_15,Animated and family hero,2010–2013 market expansion
883,2012,16,Wrath of the Titans,1667885,102.0,1667885,Mar 29,Warner Bros.,,,,False,https://www.boxofficemojo.com/release/rl1726907905/?ref_=bo_yld_table_16,Fantasy hero and quest,2010–2013 market expansion
884,2012,17,Prometheus,1659095,113.0,1685878,May 31,20th Century Fox International,,,,False,https://www.boxofficemojo.com/release/rl2476771073/?ref_=bo_yld_table_17,Science-fiction and posthuman hero,2010–2013 market expansion
885,2012,18,Resident Evil: Retribution,1546450,130.0,1546450,Sep 13,,,,,False,https://www.boxofficemojo.com/release/rl1890682625/?ref_=bo_yld_table_18,Horror and survival hero,2010–2013 market expansion
886,2012,19,Hotel Transylvania,1509156,120.0,1772679,Oct 24,,,,,False,https://www.boxofficemojo.com/release/rl527599361/?ref_=bo_yld_table_19,Animated and family hero,2010–2013 market expansion
887,2012,20,The Jungle,1458661,102.0,1458661,Nov 29,,,,,False,https://www.boxofficemojo.com/release/rl4025648129/?ref_=bo_yld_table_20,Other and unclassified,2010–2013 market expansion
1002,2013,1,Stalingrad,3410087,171.0,3410087,Oct 10,,,,,False,https://www.boxofficemojo.com/release/rl2305262593/?ref_=bo_yld_table_1,"Historical, military, and biographical hero",2010–2013 market expansion
1003,2013,2,Iron Man 3,3290686,130.0,3290686,May 2,Walt Disney Pictures,,,,False,https://www.boxofficemojo.com/release/rl34375425/?ref_=bo_yld_table_2,Superhero and comics,2010–2013 market expansion
1004,2013,3,Oz the Great and Powerful,3009587,143.0,3009587,Mar 7,Walt Disney Pictures,,,,False,https://www.boxofficemojo.com/release/rl4203054849/?ref_=bo_yld_table_3,Fantasy hero and quest,2010–2013 market expansion
1005,2013,4,Thor: The Dark World,2787498,134.0,2787498,Oct 31,Walt Disney Pictures,,,,False,https://www.boxofficemojo.com/release/rl2231403521/?ref_=bo_yld_table_4,Superhero and comics,2010–2013 market expansion
1006,2013,5,Life of Pi,2566112,97.0,2566112,Jan 1,20th Century Fox International,,,,False,https://www.boxofficemojo.com/release/rl942835457/?ref_=bo_yld_table_5,Fantasy hero and quest,2010–2013 market expansion
1007,2013,6,Fast & Furious 6,2498886,156.0,2562239,May 23,,,,,False,https://www.boxofficemojo.com/release/rl2360444417/?ref_=bo_yld_table_6,"Action hero, spy, and criminal protagonist",2010–2013 market expansion
1008,2013,7,Hansel & Gretel: Witch Hunters,2419789,112.0,2420222,Jan 31,,,,,False,https://www.boxofficemojo.com/release/rl1348568833/?ref_=bo_yld_table_7,Fantasy hero and quest,2010–2013 market expansion
1009,2013,8,World War Z,2361184,134.0,2361184,Jun 27,Paramount Pictures International,,,,False,https://www.boxofficemojo.com/release/rl3392766977/?ref_=bo_yld_table_8,Horror and survival hero,2010–2013 market expansion
1010,2013,9,Gorko!,2248566,120.0,2248566,Oct 24,Aurora,,,,False,https://www.boxofficemojo.com/release/rl42238977/?ref_=bo_yld_table_9,Other and unclassified,2010–2013 market expansion
1011,2013,10,Pacific Rim,2186270,102.0,2186270,Jul 11,Warner Bros.,,,,False,https://www.boxofficemojo.com/release/rl1803847425/?ref_=bo_yld_table_10,Science-fiction and posthuman hero,2010–2013 market expansion
1012,2013,11,Gravity,2119889,130.0,2132939,Oct 3,Warner Bros.,,,,False,https://www.boxofficemojo.com/release/rl2337769217/?ref_=bo_yld_table_11,Science-fiction and posthuman hero,2010–2013 market expansion
1013,2013,12,Three Heroes on Distant Shores,2030296,137.0,2537993,Dec 27,,,,,False,https://www.boxofficemojo.com/release/rl2038400257/?ref_=bo_yld_table_12,Animated and family hero,2010–2013 market expansion
1014,2013,13,Despicable Me 2,1983331,150.0,1983331,Jul 11,Universal Pictures International (UPI),,,,False,https://www.boxofficemojo.com/release/rl3901588993/?ref_=bo_yld_table_13,Animated and family hero,2010–2013 market expansion
1015,2013,14,The Hunger Games: Catching Fire,1904495,154.0,1914837,Nov 21,,,,,False,https://www.boxofficemojo.com/release/rl3974465025/?ref_=bo_yld_table_14,Fantasy hero and quest,2010–2013 market expansion
1016,2013,15,The Croods,1885314,138.0,2110234,Mar 21,20th Century Fox International,,,,False,https://www.boxofficemojo.com/release/rl637306369/?ref_=bo_yld_table_15,Animated and family hero,2010–2013 market expansion
1017,2013,16,After Earth,1839069,139.0,1839069,Jun 6,,,,,False,https://www.boxofficemojo.com/release/rl2030732801/?ref_=bo_yld_table_16,Science-fiction and posthuman hero,2010–2013 market expansion
1018,2013,17,Monsters University,1819964,149.0,1819964,Jun 20,Walt Disney Pictures,,,,False,https://www.boxofficemojo.com/release/rl585205505/?ref_=bo_yld_table_17,Animated and family hero,2010–2013 market expansion
1019,2013,18,The Great Gatsby,1809104,101.0,1809104,May 16,Warner Bros.,,,,False,https://www.boxofficemojo.com/release/rl2269546241/?ref_=bo_yld_table_18,"Historical, military, and biographical hero",2010–2013 market expansion
1020,2013,19,The Hangover Part III,1790834,100.0,1790834,May 30,Warner Bros.,,,,False,https://www.boxofficemojo.com/release/rl1834911489/?ref_=bo_yld_table_19,Comic and romantic hero,2010–2013 market expansion
1021,2013,20,Elysium,1739291,148.0,1739291,Aug 8,,,,,False,https://www.boxofficemojo.com/release/rl3970074113/?ref_=bo_yld_table_20,Science-fiction and posthuman hero,2010–2013 market expansion
1148,2014,1,Forbidden Empire 2014 Re-release,4554937,172.0,4554937,Jan 30,,,,,False,https://www.boxofficemojo.com/release/rl621446401/?ref_=bo_yld_table_1,Fantasy hero and quest,2014–2016 crisis and restructuring
1149,2014,2,Transformers: Age of Extinction,3139323,179.0,3294504,Jun 26,Paramount Pictures International,,,,False,https://www.boxofficemojo.com/release/rl2768995329/?ref_=bo_yld_table_2,Science-fiction and posthuman hero,2014–2016 crisis and restructuring
1150,2014,3,Noah,2600991,173.0,2600991,Mar 27,Paramount Pictures International,,,,False,https://www.boxofficemojo.com/release/rl4294280961/?ref_=bo_yld_table_3,Fantasy hero and quest,2014–2016 crisis and restructuring
1151,2014,4,The Hobbit: The Battle of the Five Armies,2557381,127.0,2842161,Dec 11,Cinemania Group,,,,False,https://www.boxofficemojo.com/release/rl376211201/?ref_=bo_yld_table_4,Fantasy hero and quest,2014–2016 crisis and restructuring
1152,2014,5,Love in Vegas,2483062,132.0,3028258,Jan 2,,,,,False,https://www.boxofficemojo.com/release/rl548635649/?ref_=bo_yld_table_5,Comic and romantic hero,2014–2016 crisis and restructuring
1153,2014,6,Maleficent,2373334,168.0,2373334,May 29,Walt Disney Pictures,,,,False,https://www.boxofficemojo.com/release/rl885294849/?ref_=bo_yld_table_6,Fantasy hero and quest,2014–2016 crisis and restructuring
1154,2014,7,Lucy,2256225,125.0,2256225,Aug 21,Universal Pictures International (UPI),,,,False,https://www.boxofficemojo.com/release/rl1388414721/?ref_=bo_yld_table_7,Other and unclassified,2014–2016 crisis and restructuring
1155,2014,8,47 Ronin,2138535,119.0,2587040,Jan 1,Universal Pictures International (UPI),,,,False,https://www.boxofficemojo.com/release/rl2635236865/?ref_=bo_yld_table_8,Other and unclassified,2014–2016 crisis and restructuring
1156,2014,9,Guardians of the Galaxy,2096984,157.0,2096984,Jul 31,Walt Disney Pictures,,,,False,https://www.boxofficemojo.com/release/rl1758103297/?ref_=bo_yld_table_9,Superhero and comics,2014–2016 crisis and restructuring
1157,2014,10,Interstellar,1910374,108.0,1910374,Nov 6,Warner Bros.,,,,False,https://www.boxofficemojo.com/release/rl1627948801/?ref_=bo_yld_table_10,Science-fiction and posthuman hero,2014–2016 crisis and restructuring
1158,2014,11,300: Rise of an Empire,1891956,137.0,1891956,Mar 7,Warner Bros.,,,,False,https://www.boxofficemojo.com/release/rl3859842561/?ref_=bo_yld_table_11,"Historical, military, and biographical hero",2014–2016 crisis and restructuring
1159,2014,12,Dracula Untold,1844788,124.0,1844788,Oct 2,Universal Pictures International (UPI),,,,False,https://www.boxofficemojo.com/release/rl2677573121/?ref_=bo_yld_table_12,Fantasy hero and quest,2014–2016 crisis and restructuring
1160,2014,13,How to Train Your Dragon 2,1712748,191.0,1712748,Jun 12,20th Century Fox International,,,,False,https://www.boxofficemojo.com/release/rl2474084097/?ref_=bo_yld_table_13,Animated and family hero,2014–2016 crisis and restructuring
1161,2014,14,Rio 2,1704018,173.0,1704018,Mar 20,20th Century Fox International,,,,False,https://www.boxofficemojo.com/release/rl414549761/?ref_=bo_yld_table_14,Animated and family hero,2014–2016 crisis and restructuring
1162,2014,15,The Hobbit: The Desolation of Smaug,1582726,137.0,4788551,Dec 18,Warner Bros.,,,,False,https://www.boxofficemojo.com/release/rl3278735105/?ref_=bo_yld_table_15,Fantasy hero and quest,2014–2016 crisis and restructuring
1163,2014,16,Teenage Mutant Ninja Turtles,1560525,147.0,1560525,Aug 14,Paramount Pictures International,,,,False,https://www.boxofficemojo.com/release/rl872711169/?ref_=bo_yld_table_16,Superhero and comics,2014–2016 crisis and restructuring
1164,2014,17,Hercules,1492757,158.0,1506855,Jul 24,Paramount Pictures International,,,,False,https://www.boxofficemojo.com/release/rl1902741249/?ref_=bo_yld_table_17,Fantasy hero and quest,2014–2016 crisis and restructuring
1165,2014,18,Penguins of Madagascar,1478566,159.0,1471629,Nov 27,20th Century Fox International,,,,False,https://www.boxofficemojo.com/release/rl4186736385/?ref_=bo_yld_table_18,Animated and family hero,2014–2016 crisis and restructuring
1166,2014,19,Frozen,1444077,144.0,2866139,Dec 26,Walt Disney Pictures,,,,False,https://www.boxofficemojo.com/release/rl2906818305/?ref_=bo_yld_table_19,Animated and family hero,2014–2016 crisis and restructuring
1167,2014,20,Yolki 3,1413564,132.0,2390505,Dec 26,,,,,False,https://www.boxofficemojo.com/release/rl2366670081/?ref_=bo_yld_table_20,Other and unclassified,2014–2016 crisis and restructuring
1309,2015,1,Fifty Shades of Grey,2370566,267.0,2413538,Feb 12,Universal Pictures International (UPI),,,,False,https://www.boxofficemojo.com/release/rl2551547393/?ref_=bo_yld_table_1,Other and unclassified,2014–2016 crisis and restructuring
1310,2015,2,Minions,2046677,277.0,2046677,Jul 9,Universal Pictures International (UPI),,,,False,https://www.boxofficemojo.com/release/rl1440450305/?ref_=bo_yld_table_2,Animated and family hero,2014–2016 crisis and restructuring
1311,2015,3,Star Wars: Episode VII - The Force Awakens,2033871,315.0,2509424,Dec 17,Walt Disney Pictures,,,,False,https://www.boxofficemojo.com/release/rl275284993/?ref_=bo_yld_table_3,Science-fiction and posthuman hero,2014–2016 crisis and restructuring
1312,2015,4,Furious 7,2006932,249.0,2006932,Apr 2,Universal Pictures International (UPI),,,,False,https://www.boxofficemojo.com/release/rl3467740673/?ref_=bo_yld_table_4,"Action hero, spy, and criminal protagonist",2014–2016 crisis and restructuring
1313,2015,5,Avengers: Age of Ultron,1849321,252.0,1909793,Apr 23,Walt Disney Pictures,,,,False,https://www.boxofficemojo.com/release/rl3241379329/?ref_=bo_yld_table_5,Superhero and comics,2014–2016 crisis and restructuring
1314,2015,6,Jurassic World,1807789,253.0,1807789,Jun 11,Universal Pictures International (UPI),,,,False,https://www.boxofficemojo.com/release/rl2971305729/?ref_=bo_yld_table_6,Science-fiction and posthuman hero,2014–2016 crisis and restructuring
1315,2015,7,8 New Dates,1685992,111.0,1685992,Jan 1,Ukrainian Film Distribution (UFD),,,,False,https://www.boxofficemojo.com/release/rl130319361/?ref_=bo_yld_table_7,Other and unclassified,2014–2016 crisis and restructuring
1316,2015,8,Hotel Transylvania 2,1578414,281.0,1981115,Oct 22,Sony Pictures Releasing,,,,False,https://www.boxofficemojo.com/release/rl2591262465/?ref_=bo_yld_table_8,Animated and family hero,2014–2016 crisis and restructuring
1317,2015,9,Seventh Son,1575519,177.0,1575519,Jan 1,Universal Pictures International (UPI),,,,False,https://www.boxofficemojo.com/release/rl1162576897/?ref_=bo_yld_table_9,Fantasy hero and quest,2014–2016 crisis and restructuring
1318,2015,10,The Martian,1547429,271.0,1547429,Oct 8,20th Century Fox International,,,,False,https://www.boxofficemojo.com/release/rl2907014145/?ref_=bo_yld_table_10,Science-fiction and posthuman hero,2014–2016 crisis and restructuring
1319,2015,11,Spectre,1507671,272.0,1507671,Nov 6,Sony Pictures Releasing,,,,False,https://www.boxofficemojo.com/release/rl2463204865/?ref_=bo_yld_table_11,"Action hero, spy, and criminal protagonist",2014–2016 crisis and restructuring
1320,2015,12,Terminator Genisys,1417685,243.0,1473758,Jul 2,Paramount Pictures International,,,,False,https://www.boxofficemojo.com/release/rl4152198145/?ref_=bo_yld_table_12,Science-fiction and posthuman hero,2014–2016 crisis and restructuring
1321,2015,13,Paddington,1063747,165.0,1065332,Jan 22,Volga,,,,False,https://www.boxofficemojo.com/release/rl948406017/?ref_=bo_yld_table_13,Animated and family hero,2014–2016 crisis and restructuring
1322,2015,14,Everest,1000848,213.0,1357145,Sep 24,Universal Pictures International (UPI),,,,False,https://www.boxofficemojo.com/release/rl2947057153/?ref_=bo_yld_table_14,Other and unclassified,2014–2016 crisis and restructuring
1323,2015,15,Inside Out,997671,248.0,997671,Jun 18,Walt Disney Pictures,,,,False,https://www.boxofficemojo.com/release/rl1452574465/?ref_=bo_yld_table_15,Animated and family hero,2014–2016 crisis and restructuring
1324,2015,16,Exodus: Gods and Kings,947869,142.0,947869,Jan 1,20th Century Fox International,,,,False,https://www.boxofficemojo.com/release/rl296388097/?ref_=bo_yld_table_16,Fantasy hero and quest,2014–2016 crisis and restructuring
1325,2015,17,Mission: Impossible - Rogue Nation,937373,246.0,993845,Aug 6,Paramount Pictures International,,,,False,https://www.boxofficemojo.com/release/rl3235153665/?ref_=bo_yld_table_17,"Action hero, spy, and criminal protagonist",2014–2016 crisis and restructuring
1326,2015,18,Spy,885359,167.0,885359,Jun 4,20th Century Fox International,,,,False,https://www.boxofficemojo.com/release/rl460686337/?ref_=bo_yld_table_18,Other and unclassified,2014–2016 crisis and restructuring
1327,2015,19,The Hunger Games: Mockingjay - Part 2,876969,265.0,876969,Nov 19,Walt Disney Pictures,,,,False,https://www.boxofficemojo.com/release/rl1366918913/?ref_=bo_yld_table_19,Fantasy hero and quest,2014–2016 crisis and restructuring
1328,2015,20,Mad Max: Fury Road,849317,226.0,681642,May 7,Warner Bros.,,,,False,https://www.boxofficemojo.com/release/rl3074721537/?ref_=bo_yld_table_20,"Historical, military, and biographical hero",2014–2016 crisis and restructuring
1475,2016,1,The Secret Life of Pets,2921003,208.0,2921003,Aug 4,Universal Pictures International (UPI),,,,False,https://www.boxofficemojo.com/release/rl1434355457/?ref_=bo_yld_table_1,Animated and family hero,2014–2016 crisis and restructuring
1476,2016,2,Suicide Squad,2916352,326.0,2916352,Aug 4,Warner Bros.,,,,False,https://www.boxofficemojo.com/release/rl1267172865/?ref_=bo_yld_table_2,Superhero and comics,2014–2016 crisis and restructuring
1477,2016,3,Doctor Strange,2431951,283.0,2431951,Oct 27,Walt Disney Pictures,,,,False,https://www.boxofficemojo.com/release/rl197953281/?ref_=bo_yld_table_3,Superhero and comics,2014–2016 crisis and restructuring
1478,2016,4,Fantastic Beasts and Where to Find Them,2341531,337.0,2407458,Nov 17,Warner Bros.,,,,False,https://www.boxofficemojo.com/release/rl447841793/?ref_=bo_yld_table_4,Fantasy hero and quest,2014–2016 crisis and restructuring
1479,2016,5,Deadpool,2087589,248.0,2039335,Feb 11,20th Century Fox International,,,,False,https://www.boxofficemojo.com/release/rl2894497281/?ref_=bo_yld_table_5,Superhero and comics,2014–2016 crisis and restructuring
1480,2016,6,Zootopia,1995155,299.0,1995155,Mar 17,Walt Disney Pictures,,,,False,https://www.boxofficemojo.com/release/rl3868427777/?ref_=bo_yld_table_6,Animated and family hero,2014–2016 crisis and restructuring
1481,2016,7,Warcraft,1898628,276.0,1898628,Jun 9,Universal Pictures International (UPI),,,,False,https://www.boxofficemojo.com/release/rl4230251521/?ref_=bo_yld_table_7,Fantasy hero and quest,2014–2016 crisis and restructuring
1482,2016,8,The Jungle Book,1723037,237.0,1723037,Apr 14,Walt Disney Pictures,,,,False,https://www.boxofficemojo.com/release/rl706447105/?ref_=bo_yld_table_8,Animated and family hero,2014–2016 crisis and restructuring
1483,2016,9,The Angry Birds Movie,1464962,270.0,1464962,May 12,Sony Pictures Releasing,,,,False,https://www.boxofficemojo.com/release/rl1193707009/?ref_=bo_yld_table_9,Animated and family hero,2014–2016 crisis and restructuring
1484,2016,10,Captain America: Civil War,1429130,317.0,1429130,May 5,Walt Disney Pictures,,,,False,https://www.boxofficemojo.com/release/rl2378860289/?ref_=bo_yld_table_10,Superhero and comics,2014–2016 crisis and restructuring
1485,2016,11,Inferno,1349068,266.0,1349068,Oct 13,Sony Pictures Releasing,,,,False,https://www.boxofficemojo.com/release/rl2969929473/?ref_=bo_yld_table_11,Other and unclassified,2014–2016 crisis and restructuring
1486,2016,12,The 8 Best Dates,1316104,188.0,1316104,Mar 3,UGC-Fox Distribution (UFD),,,,False,https://www.boxofficemojo.com/release/rl63210497/?ref_=bo_yld_table_12,Other and unclassified,2014–2016 crisis and restructuring
1487,2016,13,Batman v Superman: Dawn of Justice,1279073,297.0,1279073,Mar 24,Warner Bros.,,,,False,https://www.boxofficemojo.com/release/rl2708505601/?ref_=bo_yld_table_13,Superhero and comics,2014–2016 crisis and restructuring
1488,2016,14,Miss Peregrine's Home for Peculiar Children,1167622,274.0,1167622,Oct 6,Ukrainian Film Distribution (UFD),,,,False,https://www.boxofficemojo.com/release/rl2643429121/?ref_=bo_yld_table_14,Fantasy hero and quest,2014–2016 crisis and restructuring
1489,2016,15,Kung Fu Panda 3,1140564,274.0,1140564,Jan 28,20th Century Fox International,,,,False,https://www.boxofficemojo.com/release/rl3760555777/?ref_=bo_yld_table_15,Animated and family hero,2014–2016 crisis and restructuring
1490,2016,16,The Divergent Series: Allegiant,1116990,186.0,1116990,Mar 10,,,,,False,https://www.boxofficemojo.com/release/rl2904524289/?ref_=bo_yld_table_16,Fantasy hero and quest,2014–2016 crisis and restructuring
1491,2016,17,Gods of Egypt,1104319,248.0,1104319,Feb 25,UGC-Fox Distribution (UFD),,,,False,https://www.boxofficemojo.com/release/rl3343812353/?ref_=bo_yld_table_17,Fantasy hero and quest,2014–2016 crisis and restructuring
1492,2016,18,Ice Age: Collision Course,1097597,305.0,1097597,Jul 14,20th Century Fox International,,,,False,https://www.boxofficemojo.com/release/rl914196225/?ref_=bo_yld_table_18,Animated and family hero,2014–2016 crisis and restructuring
1493,2016,19,Rogue One: A Star Wars Story,1092777,354.0,1296731,Dec 15,Walt Disney Pictures,,,,False,https://www.boxofficemojo.com/release/rl678134785/?ref_=bo_yld_table_19,Science-fiction and posthuman hero,2014–2016 crisis and restructuring
1494,2016,20,Alice Through the Looking Glass,1047092,265.0,1047092,May 26,Walt Disney Pictures,,,,False,https://www.boxofficemojo.com/release/rl3642590721/?ref_=bo_yld_table_20,Other and unclassified,2014–2016 crisis and restructuring
1675,2017,1,Pirates of the Caribbean: Dead Men Tell No Tales,3666847,427.0,3673723,May 25,Walt Disney Pictures,,,,False,https://www.boxofficemojo.com/release/rl4103636737/?ref_=bo_yld_table_1,Fantasy hero and quest,2017–2019 pre-pandemic peak
1676,2017,2,Guardians of the Galaxy: Vol. 2,2521639,386.0,2341243,May 4,Walt Disney Pictures,,,,False,https://www.boxofficemojo.com/release/rl600672001/?ref_=bo_yld_table_2,Superhero and comics,2017–2019 pre-pandemic peak
1677,2017,3,Thor: Ragnarok,2412730,367.0,2424456,Nov 2,Walt Disney Pictures,,,,False,https://www.boxofficemojo.com/release/rl3502933761/?ref_=bo_yld_table_3,Superhero and comics,2017–2019 pre-pandemic peak
1678,2017,4,The Fate of the Furious,2407647,315.0,2407647,Apr 13,Universal Pictures International (UPI),,,,False,https://www.boxofficemojo.com/release/rl3510994689/?ref_=bo_yld_table_4,"Action hero, spy, and criminal protagonist",2017–2019 pre-pandemic peak
1679,2017,5,Despicable Me 3,2146153,333.0,2355988,Jun 29,Universal Pictures International (UPI),,,,False,https://www.boxofficemojo.com/release/rl697075201/?ref_=bo_yld_table_5,Animated and family hero,2017–2019 pre-pandemic peak
1680,2017,6,The Boss Baby,1815450,298.0,1768721,Mar 23,20th Century Fox International,,,,False,https://www.boxofficemojo.com/release/rl3872622081/?ref_=bo_yld_table_6,Animated and family hero,2017–2019 pre-pandemic peak
1681,2017,7,Murder on the Orient Express,1808951,238.0,1928145,Nov 9,20th Century Fox International,,,,False,https://www.boxofficemojo.com/release/rl629180161/?ref_=bo_yld_table_7,Other and unclassified,2017–2019 pre-pandemic peak
1682,2017,8,The Mummy,1757475,327.0,1757475,Jun 8,Universal Pictures International (UPI),,,,False,https://www.boxofficemojo.com/release/rl1407682305/?ref_=bo_yld_table_8,Fantasy hero and quest,2017–2019 pre-pandemic peak
1683,2017,9,Transformers: The Last Knight,1630808,376.0,1630808,Jun 22,Paramount Pictures International,,,,False,https://www.boxofficemojo.com/release/rl1561035777/?ref_=bo_yld_table_9,Science-fiction and posthuman hero,2017–2019 pre-pandemic peak
1684,2017,10,Spider-Man: Homecoming,1628395,358.0,1628395,Jul 6,Sony Pictures Releasing,,,,False,https://www.boxofficemojo.com/release/rl2724234241/?ref_=bo_yld_table_10,Superhero and comics,2017–2019 pre-pandemic peak
1685,2017,11,Beauty and the Beast,1597164,330.0,1597164,Mar 16,Walt Disney Pictures,,,,False,https://www.boxofficemojo.com/release/rl775915009/?ref_=bo_yld_table_11,Fantasy hero and quest,2017–2019 pre-pandemic peak
1686,2017,12,Fifty Shades Darker,1514432,248.0,1595224,Feb 9,Universal Pictures International (UPI),,,,False,https://www.boxofficemojo.com/release/rl3776284161/?ref_=bo_yld_table_12,Other and unclassified,2017–2019 pre-pandemic peak
1687,2017,13,Assassin's Creed,1473397,288.0,1484906,Jan 5,20th Century Fox International,,,,False,https://www.boxofficemojo.com/release/rl2016314881/?ref_=bo_yld_table_13,Fantasy hero and quest,2017–2019 pre-pandemic peak
1688,2017,14,Jumanji: Welcome to the Jungle,1454611,342.0,3606430,Dec 21,Sony Pictures Releasing,,,,False,https://www.boxofficemojo.com/release/rl1494779649/?ref_=bo_yld_table_14,Fantasy hero and quest,2017–2019 pre-pandemic peak
1689,2017,15,It,1432556,234.0,1433143,Sep 7,Kinomania,,,,False,https://www.boxofficemojo.com/release/rl370050817/?ref_=bo_yld_table_15,Horror and survival hero,2017–2019 pre-pandemic peak
1690,2017,16,Justice League,1431085,345.0,1438545,Nov 16,Kinomania,,,,False,https://www.boxofficemojo.com/release/rl1938261505/?ref_=bo_yld_table_16,Superhero and comics,2017–2019 pre-pandemic peak
1691,2017,17,Logan,1388558,274.0,1376297,Mar 2,20th Century Fox International,,,,False,https://www.boxofficemojo.com/release/rl1664386049/?ref_=bo_yld_table_17,Superhero and comics,2017–2019 pre-pandemic peak
1692,2017,18,Star Wars: Episode VIII - The Last Jedi,1380030,408.0,1732820,Dec 14,Walt Disney Pictures,,,,False,https://www.boxofficemojo.com/release/rl1684571137/?ref_=bo_yld_table_18,Science-fiction and posthuman hero,2017–2019 pre-pandemic peak
1693,2017,19,Valerian and the City of a Thousand Planets,1365831,288.0,1365831,Aug 10,Volga,,,,False,https://www.boxofficemojo.com/release/rl958170113/?ref_=bo_yld_table_19,Fantasy hero and quest,2017–2019 pre-pandemic peak
1694,2017,20,Kong: Skull Island,1326176,326.0,1326965,Mar 9,Warner Bros.,,,,False,https://www.boxofficemojo.com/release/rl3073345281/?ref_=bo_yld_table_20,"Action hero, spy, and criminal protagonist",2017–2019 pre-pandemic peak
1865,2018,1,Avengers: Infinity War,3582645,437.0,3654152,Apr 26,Walt Disney Pictures,,,,False,https://www.boxofficemojo.com/release/rl4040001281/?ref_=bo_yld_table_1,Superhero and comics,2017–2019 pre-pandemic peak
1866,2018,2,Venom,3565077,354.0,3579989,Oct 4,Sony Pictures Releasing,,,,False,https://www.boxofficemojo.com/release/rl52331521/?ref_=bo_yld_table_2,Superhero and comics,2017–2019 pre-pandemic peak
1867,2018,3,Fantastic Beasts: The Crimes of Grindelwald,3138539,421.0,3227922,Nov 15,Kinomania,,,,False,https://www.boxofficemojo.com/release/rl220759041/?ref_=bo_yld_table_3,Fantasy hero and quest,2017–2019 pre-pandemic peak
1868,2018,4,Aquaman,2675581,406.0,4049736,Dec 13,Kinomania,,,,False,https://www.boxofficemojo.com/release/rl3431433729/?ref_=bo_yld_table_4,Superhero and comics,2017–2019 pre-pandemic peak
1869,2018,5,Hotel Transylvania 3: Summer Vacation,2656757,380.0,2761326,Jul 12,Sony Pictures Releasing,,,,False,https://www.boxofficemojo.com/release/rl3581118209/?ref_=bo_yld_table_5,Animated and family hero,2017–2019 pre-pandemic peak
1870,2018,6,Deadpool 2,2222823,419.0,2441707,May 17,20th Century Fox International,,,,False,https://www.boxofficemojo.com/release/rl2780726785/?ref_=bo_yld_table_6,Superhero and comics,2017–2019 pre-pandemic peak
1871,2018,7,Jumanji: Welcome to the Jungle,2151819,342.0,3606430,Dec 21,Sony Pictures Releasing,,,,False,https://www.boxofficemojo.com/release/rl1494779649/?ref_=bo_yld_table_7,Fantasy hero and quest,2017–2019 pre-pandemic peak
1872,2018,8,Black Panther,2134232,374.0,2203288,Feb 15,Walt Disney Pictures,,,,False,https://www.boxofficemojo.com/release/rl1758299905/?ref_=bo_yld_table_8,Superhero and comics,2017–2019 pre-pandemic peak
1873,2018,9,Jurassic World: Fallen Kingdom,2056553,353.0,2056553,Jun 7,Universal Pictures International (UPI),,,,False,https://www.boxofficemojo.com/release/rl1880786689/?ref_=bo_yld_table_9,Science-fiction and posthuman hero,2017–2019 pre-pandemic peak
1874,2018,10,Bohemian Rhapsody,2001304,258.0,2083846,Nov 1,20th Century Fox International,,,,False,https://www.boxofficemojo.com/release/rl3821962753/?ref_=bo_yld_table_10,"Historical, military, and biographical hero",2017–2019 pre-pandemic peak
1875,2018,11,Crazy Wedding,1966105,263.0,1966105,Oct 4,,,,,False,https://www.boxofficemojo.com/release/rl879068417/?ref_=bo_yld_table_11,Comic and romantic hero,2017–2019 pre-pandemic peak
1876,2018,12,Fifty Shades Freed,1875357,286.0,2035082,Feb 8,Universal Pictures International (UPI),,,,False,https://www.boxofficemojo.com/release/rl789874177/?ref_=bo_yld_table_12,Other and unclassified,2017–2019 pre-pandemic peak
1877,2018,13,The Meg,1761406,323.0,1761406,Aug 9,Kinomania,,,,False,https://www.boxofficemojo.com/release/rl1210614785/?ref_=bo_yld_table_13,Other and unclassified,2017–2019 pre-pandemic peak
1878,2018,14,Paddington 2,1430493,286.0,1430493,Jan 18,Volga,,,,False,https://www.boxofficemojo.com/release/rl4035217153/?ref_=bo_yld_table_14,Animated and family hero,2017–2019 pre-pandemic peak
1879,2018,15,Mission: Impossible - Fallout,1416782,393.0,1465246,Jul 26,Paramount Pictures International,,,,False,https://www.boxofficemojo.com/release/rl165119745/?ref_=bo_yld_table_15,"Action hero, spy, and criminal protagonist",2017–2019 pre-pandemic peak
1880,2018,16,The Stolen Princess,1377672,302.0,1377672,Mar 8,Ukrainian Film Distribution (UFD),,,,False,https://www.boxofficemojo.com/release/rl3748234497/?ref_=bo_yld_table_16,Animated and family hero,2017–2019 pre-pandemic peak
1881,2018,17,The Grinch,1364145,364.0,2709247,Dec 20,Universal Pictures International (UPI),,,,False,https://www.boxofficemojo.com/release/rl979076865/?ref_=bo_yld_table_17,Animated and family hero,2017–2019 pre-pandemic peak
1882,2018,18,Ant-Man and the Wasp,1322677,364.0,1373800,Jul 5,Walt Disney Pictures,,,,False,https://www.boxofficemojo.com/release/rl2435352065/?ref_=bo_yld_table_18,Superhero and comics,2017–2019 pre-pandemic peak
1883,2018,19,Pacific Rim: Uprising,1303019,346.0,1309456,Mar 22,Universal Pictures International (UPI),,,,False,https://www.boxofficemojo.com/release/rl612665089/?ref_=bo_yld_table_19,Science-fiction and posthuman hero,2017–2019 pre-pandemic peak
1884,2018,20,Incredibles 2,1263430,378.0,1263430,Jun 14,Walt Disney Pictures,,,,False,https://www.boxofficemojo.com/release/rl2130872065/?ref_=bo_yld_table_20,Animated and family hero,2017–2019 pre-pandemic peak
2065,2019,1,Avengers: Endgame,5796890,521.0,5971461,Apr 25,Walt Disney Pictures,,,,False,https://www.boxofficemojo.com/release/rl3352135425/?ref_=bo_yld_table_1,Superhero and comics,2017–2019 pre-pandemic peak
2066,2019,2,The Lion King,5002880,433.0,5087956,Jul 18,Walt Disney Pictures,,,,False,https://www.boxofficemojo.com/release/rl1781827329/?ref_=bo_yld_table_2,Animated and family hero,2017–2019 pre-pandemic peak
2067,2019,3,Joker,4300572,409.0,4164805,Oct 3,Kinomania,,,,False,https://www.boxofficemojo.com/release/rl3608643329/?ref_=bo_yld_table_3,Superhero and comics,2017–2019 pre-pandemic peak
2068,2019,4,Maleficent: Mistress of Evil,3983411,439.0,3802088,Oct 17,Kinomania,,,,False,https://www.boxofficemojo.com/release/rl2275246593/?ref_=bo_yld_table_4,Fantasy hero and quest,2017–2019 pre-pandemic peak
2069,2019,5,Frozen II,3779870,449.0,3839210,Nov 21,Kinomania,,,,False,https://www.boxofficemojo.com/release/rl765952513/?ref_=bo_yld_table_5,Animated and family hero,2017–2019 pre-pandemic peak
2070,2019,6,Jumanji: The Next Level,3213590,505.0,4245411,Dec 12,B&H Film Distribution,,,,False,https://www.boxofficemojo.com/release/rl2057994753/?ref_=bo_yld_table_6,Fantasy hero and quest,2017–2019 pre-pandemic peak
2071,2019,7,Fast & Furious Presents: Hobbs & Shaw,3088503,444.0,3102292,Aug 1,Universal Pictures International (UPI),,,,False,https://www.boxofficemojo.com/release/rl1957922305/?ref_=bo_yld_table_7,"Action hero, spy, and criminal protagonist",2017–2019 pre-pandemic peak
2072,2019,8,Captain Marvel,2996830,426.0,3099205,Mar 7,Walt Disney Pictures,,,,False,https://www.boxofficemojo.com/release/rl3201140481/?ref_=bo_yld_table_8,Superhero and comics,2017–2019 pre-pandemic peak
2073,2019,9,Spider-Man: Far from Home,2966370,445.0,2540145,Jul 4,Sony Pictures Releasing,,,,False,https://www.boxofficemojo.com/release/rl1801618433/?ref_=bo_yld_table_9,Superhero and comics,2017–2019 pre-pandemic peak
2074,2019,10,How to Train Your Dragon: The Hidden World,2753186,406.0,2753186,Feb 21,Universal Pictures International (UPI),,,,False,https://www.boxofficemojo.com/release/rl3547825921/?ref_=bo_yld_table_10,Animated and family hero,2017–2019 pre-pandemic peak
2075,2019,11,The Secret Life of Pets 2,2672911,402.0,3014632,May 30,Universal Pictures International (UPI),,,,False,https://www.boxofficemojo.com/release/rl377390849/?ref_=bo_yld_table_11,Animated and family hero,2017–2019 pre-pandemic peak
2076,2019,12,Once Upon a Time in... Hollywood,2469580,358.0,2309459,Aug 15,Sony Pictures Releasing,,,,False,https://www.boxofficemojo.com/release/rl4078666753/?ref_=bo_yld_table_12,Other and unclassified,2017–2019 pre-pandemic peak
2077,2019,13,Ford v Ferrari,2197901,352.0,2150788,Nov 14,20th Century Fox International,,,,False,https://www.boxofficemojo.com/release/rl346391041/?ref_=bo_yld_table_13,"Historical, military, and biographical hero",2017–2019 pre-pandemic peak
2078,2019,14,Me. You. He. She.,2137455,307.0,2693044,Dec 27,B&H Film Distribution,,,,False,https://www.boxofficemojo.com/release/rl666403841/?ref_=bo_yld_table_14,Other and unclassified,2017–2019 pre-pandemic peak
2079,2019,15,It: Chapter Two,2043593,397.0,2044584,Sep 5,Kinomania,,,,False,https://www.boxofficemojo.com/release/rl3171911425/?ref_=bo_yld_table_15,Horror and survival hero,2017–2019 pre-pandemic peak
2080,2019,16,Aladdin,1999605,390.0,2026313,May 23,Walt Disney Pictures,,,,False,https://www.boxofficemojo.com/release/rl4027810817/?ref_=bo_yld_table_16,Fantasy hero and quest,2017–2019 pre-pandemic peak
2081,2019,17,Men in Black: International,1889429,385.0,1889429,Jun 13,Sony Pictures Releasing,,,,False,https://www.boxofficemojo.com/release/rl1792444161/?ref_=bo_yld_table_17,"Action hero, spy, and criminal protagonist",2017–2019 pre-pandemic peak
2082,2019,18,Alita: Battle Angel,1822881,374.0,1822881,Feb 14,20th Century Fox International,,,,False,https://www.boxofficemojo.com/release/rl153060865/?ref_=bo_yld_table_18,Science-fiction and posthuman hero,2017–2019 pre-pandemic peak
2083,2019,19,The Addams Family,1804417,195.0,2005743,Oct 24,B&H Film Distribution,,,,False,https://www.boxofficemojo.com/release/rl2510258689/?ref_=bo_yld_table_19,Animated and family hero,2017–2019 pre-pandemic peak
2084,2019,20,Terminator: Dark Fate,1579641,341.0,1579641,Oct 31,20th Century Fox International,,,,False,https://www.boxofficemojo.com/release/rl1705083393/?ref_=bo_yld_table_20,Science-fiction and posthuman hero,2017–2019 pre-pandemic peak
2265,2020,1,The Gentlemen,2796631,294.0,2796631,Jan 30,Volga,,,,False,https://www.boxofficemojo.com/release/rl3887432193/?ref_=bo_yld_table_1,"Action hero, spy, and criminal protagonist",2020–2021 pandemic
2266,2020,2,Dolittle,2097826,199.0,2332133,Jan 9,B&H Film Distribution,,,,False,https://www.boxofficemojo.com/release/rl900825601/?ref_=bo_yld_table_2,Other and unclassified,2020–2021 pandemic
2267,2020,3,Bad Boys for Life,2025707,395.0,2102364,Apr 8,Paramount Pictures International,,,,False,https://www.boxofficemojo.com/release/rl296911361/?ref_=bo_yld_table_3,"Action hero, spy, and criminal protagonist",2020–2021 pandemic
2268,2020,4,Last Christmas,1275058,184.0,1089684,Jan 2,Universal Pictures International (UPI),,,,False,https://www.boxofficemojo.com/release/rl3400499713/?ref_=bo_yld_table_4,Other and unclassified,2020–2021 pandemic
2269,2020,5,Tenet,1245768,355.0,1929153,Aug 26,Cinemania Group,,,,False,https://www.boxofficemojo.com/release/rl2169602817/?ref_=bo_yld_table_5,Other and unclassified,2020–2021 pandemic
2270,2020,6,Greenland,1085113,287.0,1085113,Sep 17,Kinomania,,,,False,https://www.boxofficemojo.com/release/rl1616216833/?ref_=bo_yld_table_6,Other and unclassified,2020–2021 pandemic
2271,2020,7,The Call of the Wild,931917,294.0,931917,Feb 20,20th Century Fox International,,,,False,https://www.boxofficemojo.com/release/rl1337491969/?ref_=bo_yld_table_7,Other and unclassified,2020–2021 pandemic
2272,2020,8,Crazy Wedding 2,801585,403.0,1654040,Dec 26,,,,,False,https://www.boxofficemojo.com/release/rl162431489/?ref_=bo_yld_table_8,Comic and romantic hero,2020–2021 pandemic
2273,2020,9,Wonder Woman 1984,752967,446.0,1104397,Dec 17,Cinemania Group,,,,False,https://www.boxofficemojo.com/release/rl3127149313/?ref_=bo_yld_table_9,Superhero and comics,2020–2021 pandemic
2274,2020,10,Spies in Disguise,722937,364.0,1255669,Dec 26,20th Century Fox International,,,,False,https://www.boxofficemojo.com/release/rl179208705/?ref_=bo_yld_table_10,Animated and family hero,2020–2021 pandemic
2275,2020,11,The Invisible Man,698993,316.0,698993,Feb 27,B&H Film Distribution,,,,False,https://www.boxofficemojo.com/release/rl3451617793/?ref_=bo_yld_table_11,Horror and survival hero,2020–2021 pandemic
2276,2020,12,1917,664631,174.0,667327,Jan 30,B&H Film Distribution,,,,False,https://www.boxofficemojo.com/release/rl3635773953/?ref_=bo_yld_table_12,"Historical, military, and biographical hero",2020–2021 pandemic
2277,2020,13,Fantasy Island,638437,290.0,638437,Feb 13,Sony Pictures Releasing,,,,False,https://www.boxofficemojo.com/release/rl3115942401/?ref_=bo_yld_table_13,Horror and survival hero,2020–2021 pandemic
2278,2020,14,After We Collided,628770,281.0,628770,Sep 3,Volga,,,,False,https://www.boxofficemojo.com/release/rl2186380033/?ref_=bo_yld_table_14,Other and unclassified,2020–2021 pandemic
2279,2020,15,The War with Grandpa,622528,286.0,622528,Sep 24,,,,,False,https://www.boxofficemojo.com/release/rl844595969/?ref_=bo_yld_table_15,Other and unclassified,2020–2021 pandemic
2280,2020,16,Jumanji: The Next Level,531515,505.0,4245411,Dec 12,B&H Film Distribution,,,,False,https://www.boxofficemojo.com/release/rl2057994753/?ref_=bo_yld_table_16,Fantasy hero and quest,2020–2021 pandemic
2281,2020,17,Mulan,521454,388.0,532299,Sep 10,Walt Disney Pictures,,,,False,https://www.boxofficemojo.com/release/rl2639495937/?ref_=bo_yld_table_17,Animated and family hero,2020–2021 pandemic
2282,2020,18,The Witches,465263,306.0,465263,Oct 29,Cinemania Group,,,,False,https://www.boxofficemojo.com/release/rl2673705729/?ref_=bo_yld_table_18,Fantasy hero and quest,2020–2021 pandemic
2283,2020,19,Underwater,419127,222.0,419127,Jan 9,20th Century Fox International,,,,False,https://www.boxofficemojo.com/release/rl917602817/?ref_=bo_yld_table_19,Other and unclassified,2020–2021 pandemic
2284,2020,20,Little Women,406100,194.0,406100,Jan 30,B&H Film Distribution,,,,False,https://www.boxofficemojo.com/release/rl3652551169/?ref_=bo_yld_table_20,Other and unclassified,2020–2021 pandemic
2425,2021,1,Dune: Part One,3618150,536.0,3515191,Sep 16,Warner Bros.,,,,False,https://www.boxofficemojo.com/release/rl856916737/?ref_=bo_yld_table_1,Science-fiction and posthuman hero,2020–2021 pandemic
2426,2021,2,No Time to Die,2445197,487.0,2503834,Sep 30,Universal Pictures International (UPI),,,,False,https://www.boxofficemojo.com/release/rl2551481089/?ref_=bo_yld_table_2,"Action hero, spy, and criminal protagonist",2020–2021 pandemic
2427,2021,3,F9: The Fast Saga,2333882,463.0,2337028,Jun 17,Universal Pictures International (UPI),,,,False,https://www.boxofficemojo.com/release/rl2071888641/?ref_=bo_yld_table_3,"Action hero, spy, and criminal protagonist",2020–2021 pandemic
2428,2021,4,Free Guy,2235534,425.0,2235534,Aug 12,Kinomania,,,,False,https://www.boxofficemojo.com/release/rl504201985/?ref_=bo_yld_table_4,Science-fiction and posthuman hero,2020–2021 pandemic
2429,2021,5,Spider-Man: No Way Home,2195788,575.0,8444700,Dec 16,Sony Pictures Releasing,,,,False,https://www.boxofficemojo.com/release/rl589595393/?ref_=bo_yld_table_5,Superhero and comics,2020–2021 pandemic
2430,2021,6,Venom: Let There Be Carnage,2005748,488.0,3448269,Oct 14,B&H Film Distribution,,,,False,https://www.boxofficemojo.com/release/rl2686026497/?ref_=bo_yld_table_6,Superhero and comics,2020–2021 pandemic
2431,2021,7,Soul,1672592,399.0,1969125,Dec 31,Kinomania,,,,False,https://www.boxofficemojo.com/release/rl510100225/?ref_=bo_yld_table_7,Animated and family hero,2020–2021 pandemic
2432,2021,8,The Boss Baby 2: Family Business,1622003,383.0,1576201,Jul 1,Universal Pictures International (UPI),,,,False,https://www.boxofficemojo.com/release/rl2651161345/?ref_=bo_yld_table_8,Animated and family hero,2020–2021 pandemic
2433,2021,9,Wrath of Man,1579198,330.0,1579198,May 13,Volga,,,,False,https://www.boxofficemojo.com/release/rl2658763521/?ref_=bo_yld_table_9,"Action hero, spy, and criminal protagonist",2020–2021 pandemic
2434,2021,10,The Suicide Squad,1497063,392.0,1568382,Aug 5,Warner Bros.,,,,False,https://www.boxofficemojo.com/release/rl1259045633/?ref_=bo_yld_table_10,Superhero and comics,2020–2021 pandemic
2435,2021,11,Black Widow,1495380,485.0,1582259,Jul 8,Kinomania,,,,False,https://www.boxofficemojo.com/release/rl1258586881/?ref_=bo_yld_table_11,Superhero and comics,2020–2021 pandemic
2436,2021,12,Cruella,1450808,337.0,1450808,May 27,Kinomania,,,,False,https://www.boxofficemojo.com/release/rl2189067009/?ref_=bo_yld_table_12,Other and unclassified,2020–2021 pandemic
2437,2021,13,Jungle Cruise,1441487,424.0,1485295,Jul 29,Kinomania,,,,False,https://www.boxofficemojo.com/release/rl3943203585/?ref_=bo_yld_table_13,Other and unclassified,2020–2021 pandemic
2438,2021,14,Eternals,1333026,499.0,1388663,Nov 4,Kinomania,,,,False,https://www.boxofficemojo.com/release/rl2484896513/?ref_=bo_yld_table_14,Superhero and comics,2020–2021 pandemic
2439,2021,15,The Croods: A New Age,1330782,371.0,1330782,Dec 31,Universal Pictures International (UPI),,,,False,https://www.boxofficemojo.com/release/rl1181123329/?ref_=bo_yld_table_15,Animated and family hero,2020–2021 pandemic
2440,2021,16,Shang-Chi and the Legend of the Ten Rings,1242344,412.0,1283783,Sep 2,Kinomania,,,,False,https://www.boxofficemojo.com/release/rl1494123265/?ref_=bo_yld_table_16,Superhero and comics,2020–2021 pandemic
2441,2021,17,Tom & Jerry,1234583,343.0,1234583,Feb 25,Warner Bros.,,,,False,https://www.boxofficemojo.com/release/rl3194782465/?ref_=bo_yld_table_17,Animated and family hero,2020–2021 pandemic
2442,2021,18,House of Gucci,1215913,350.0,2465734,Nov 25,B&H Film Distribution,,,,False,https://www.boxofficemojo.com/release/rl2099413761/?ref_=bo_yld_table_18,"Historical, military, and biographical hero",2020–2021 pandemic
2443,2021,19,Hitman's Wife's Bodyguard,1203553,360.0,1203553,Jun 24,Kinomania,,,,False,https://www.boxofficemojo.com/release/rl671253249/?ref_=bo_yld_table_19,"Action hero, spy, and criminal protagonist",2020–2021 pandemic
2444,2021,20,Raya and the Last Dragon,1170408,374.0,1170408,Mar 4,Kinomania,,,,False,https://www.boxofficemojo.com/release/rl3194979073/?ref_=bo_yld_table_20,Animated and family hero,2020–2021 pandemic
2599,2022,1,Spider-Man: No Way Home,3460533,575.0,8444700,Dec 16,Sony Pictures Releasing,,,,False,https://www.boxofficemojo.com/release/rl589595393/?ref_=bo_yld_table_1,Superhero and comics,2022–2025 full-scale war
2600,2022,2,Uncharted,2939742,348.0,2939742,Feb 10,Sony Pictures Releasing,,,,False,https://www.boxofficemojo.com/release/rl640647937/?ref_=bo_yld_table_2,"Action hero, spy, and criminal protagonist",2022–2025 full-scale war
2601,2022,3,Sing 2,2514240,376.0,3186097,Dec 30,Universal Pictures International (UPI),,,,False,https://www.boxofficemojo.com/release/rl1764131585/?ref_=bo_yld_table_3,Animated and family hero,2022–2025 full-scale war
2602,2022,4,The King's Man,2221336,385.0,2221336,Feb 10,Walt Disney Pictures,,,,False,https://www.boxofficemojo.com/release/rl4230382337/?ref_=bo_yld_table_4,"Action hero, spy, and criminal protagonist",2022–2025 full-scale war
2603,2022,5,Death on the Nile,1289236,354.0,1289236,Mar 10,Kinomania,,,,False,https://www.boxofficemojo.com/release/rl2049868545/?ref_=bo_yld_table_5,Other and unclassified,2022–2025 full-scale war
2604,2022,6,Minions: The Rise of Gru,1082509,265.0,1082509,Jul 7,B&H Film Distribution,,,,False,https://www.boxofficemojo.com/release/rl1154253569/?ref_=bo_yld_table_6,Animated and family hero,2022–2025 full-scale war
2605,2022,7,The Matrix Resurrections,830594,329.0,2124140,Dec 23,Warner Bros.,,,,False,https://www.boxofficemojo.com/release/rl1780908801/?ref_=bo_yld_table_7,Science-fiction and posthuman hero,2022–2025 full-scale war
2606,2022,8,Stars Exchange,780569,293.0,780569,Dec 30,Kinomania,,,,False,https://www.boxofficemojo.com/release/rl1814463233/?ref_=bo_yld_table_8,Other and unclassified,2022–2025 full-scale war
2607,2022,9,Marry Me,700540,271.0,700540,Feb 10,Universal Pictures,,,,False,https://www.boxofficemojo.com/release/rl472875777/?ref_=bo_yld_table_9,Other and unclassified,2022–2025 full-scale war
2608,2022,10,Jurassic World: Dominion,556194,245.0,571636,Jun 23,Universal Pictures International (UPI),,,,False,https://www.boxofficemojo.com/release/rl80446209/?ref_=bo_yld_table_10,Science-fiction and posthuman hero,2022–2025 full-scale war
2609,2022,11,Ticket to Paradise,495323,155.0,694147,Sep 15,Universal Pictures International (UPI),,,,False,https://www.boxofficemojo.com/release/rl1071481601/?ref_=bo_yld_table_11,Comic and romantic hero,2022–2025 full-scale war
2610,2022,12,Puss in Boots: The Last Wish,375035,169.0,1121863,Dec 22,Universal Pictures International (UPI),,,,False,https://www.boxofficemojo.com/release/rl2364900097/?ref_=bo_yld_table_12,Animated and family hero,2022–2025 full-scale war
2611,2022,13,The Best Weekend,342002,303.0,342002,Mar 3,Kinomania,,,,False,https://www.boxofficemojo.com/release/rl1613529857/?ref_=bo_yld_table_13,Other and unclassified,2022–2025 full-scale war
2612,2022,14,The 355,296669,231.0,296669,Jan 6,Unicorn Media,,,,False,https://www.boxofficemojo.com/release/rl539591425/?ref_=bo_yld_table_14,Other and unclassified,2022–2025 full-scale war
2613,2022,15,House of Gucci,256915,350.0,2465734,Nov 25,B&H Film Distribution,,,,False,https://www.boxofficemojo.com/release/rl2099413761/?ref_=bo_yld_table_15,"Historical, military, and biographical hero",2022–2025 full-scale war
2614,2022,16,The Bad Guys,236179,142.0,241442,Jun 2,Universal Pictures International (UPI),,,,False,https://www.boxofficemojo.com/release/rl3670311681/?ref_=bo_yld_table_16,Animated and family hero,2022–2025 full-scale war
2615,2022,17,Violent Night,213151,129.0,225733,Dec 1,Universal Pictures International (UPI),,,,False,https://www.boxofficemojo.com/release/rl317948673/?ref_=bo_yld_table_17,Other and unclassified,2022–2025 full-scale war
2616,2022,18,King Richard,202323,102.0,202323,Feb 3,Warner Bros.,,,,False,https://www.boxofficemojo.com/release/rl153649921/?ref_=bo_yld_table_18,Other and unclassified,2022–2025 full-scale war
2617,2022,19,Nightmare Alley,197631,153.0,767975,Jan 20,Kinomania,,,,False,https://www.boxofficemojo.com/release/rl1630307073/?ref_=bo_yld_table_19,Other and unclassified,2022–2025 full-scale war
2618,2022,20,Monster Family 2,183798,277.0,361716,Feb 24,Kinomania,,,,False,https://www.boxofficemojo.com/release/rl1647084289/?ref_=bo_yld_table_20,Other and unclassified,2022–2025 full-scale war
2679,2023,1,Oppenheimer,3206696,167.0,3328637,Jul 20,Universal Pictures International (UPI),,,,False,https://www.boxofficemojo.com/release/rl3080749825/?ref_=bo_yld_table_1,"Historical, military, and biographical hero",2022–2025 full-scale war
2680,2023,2,Five Nights at Freddy's,1607704,179.0,1818369,Oct 26,,,,,False,https://www.boxofficemojo.com/release/rl2478277377/?ref_=bo_yld_table_2,Horror and survival hero,2022–2025 full-scale war
2681,2023,3,Fast X,1564669,172.0,1703607,May 18,Universal Pictures International (UPI),,,,False,https://www.boxofficemojo.com/release/rl379028225/?ref_=bo_yld_table_3,"Action hero, spy, and criminal protagonist",2022–2025 full-scale war
2682,2023,4,Mavka: The Forest Song,1353795,273.0,4177185,Mar 2,Kinomania,,,,False,https://www.boxofficemojo.com/release/rl3314189057/?ref_=bo_yld_table_4,Animated and family hero,2022–2025 full-scale war
2683,2023,5,The Hunger Games: The Ballad of Songbirds & Snakes,933603,768.0,995504,Nov 16,Volga,,,,False,https://www.boxofficemojo.com/release/rl1396736001/?ref_=bo_yld_table_5,Fantasy hero and quest,2022–2025 full-scale war
2684,2023,6,Trolls Band Together,869148,180.0,984065,Oct 19,Universal Pictures International (UPI),,,,False,https://www.boxofficemojo.com/release/rl3920921345/?ref_=bo_yld_table_6,Animated and family hero,2022–2025 full-scale war
2685,2023,7,John Wick: Chapter 4,864494,352.0,864494,Mar 30,Ukrainian Film Distribution (UFD),,,,False,https://www.boxofficemojo.com/release/rl2609414913/?ref_=bo_yld_table_7,"Action hero, spy, and criminal protagonist",2022–2025 full-scale war
2686,2023,8,The Super Mario Bros. Movie,773332,184.0,821280,Apr 5,Universal Pictures International (UPI),,,,False,https://www.boxofficemojo.com/release/rl2609742593/?ref_=bo_yld_table_8,Animated and family hero,2022–2025 full-scale war
2687,2023,9,Puss in Boots: The Last Wish,734627,169.0,1121863,Dec 22,Universal Pictures International (UPI),,,,False,https://www.boxofficemojo.com/release/rl2364900097/?ref_=bo_yld_table_9,Animated and family hero,2022–2025 full-scale war
2688,2023,10,Avatar: The Way of Water,732795,203.0,5463970,Dec 15,Kinomania,,,,False,https://www.boxofficemojo.com/release/rl721322753/?ref_=bo_yld_table_10,Science-fiction and posthuman hero,2022–2025 full-scale war
2689,2023,11,Migration,619755,183.0,1409814,Dec 21,Universal Pictures International (UPI),,,,False,https://www.boxofficemojo.com/release/rl4266229761/?ref_=bo_yld_table_11,Animated and family hero,2022–2025 full-scale war
2690,2023,12,Dungeons & Dragons: Honor Among Thieves,482510,236.0,722230,Mar 30,Paramount Pictures International,,,,False,https://www.boxofficemojo.com/release/rl2190115585/?ref_=bo_yld_table_12,Fantasy hero and quest,2022–2025 full-scale war
2691,2023,13,Killers of the Flower Moon,310000,,966992,Oct 19,Paramount Pictures International,,,,True,https://www.boxofficemojo.com/release/rl766804737/?ref_=bo_yld_table_13,"Historical, military, and biographical hero",2022–2025 full-scale war
2692,2023,14,The Exorcist: Believer,266477,160.0,290909,Oct 5,Universal Pictures International (UPI),,,,False,https://www.boxofficemojo.com/release/rl11764481/?ref_=bo_yld_table_14,Horror and survival hero,2022–2025 full-scale war
2693,2023,15,Operation Fortune: Ruse de Guerre,237937,99.0,874000,Jan 5,Top Film Distribution,,,,False,https://www.boxofficemojo.com/release/rl738099969/?ref_=bo_yld_table_15,Other and unclassified,2022–2025 full-scale war
2694,2023,16,Ruby Gillman: Teenage Kraken,233980,173.0,242786,Jun 29,Universal Pictures International (UPI),,,,False,https://www.boxofficemojo.com/release/rl3952902913/?ref_=bo_yld_table_16,Other and unclassified,2022–2025 full-scale war
2695,2023,17,Gran Turismo,212213,277.0,254685,Aug 10,B&H Film Distribution,,,,False,https://www.boxofficemojo.com/release/rl2410119937/?ref_=bo_yld_table_17,Other and unclassified,2022–2025 full-scale war
2696,2023,18,Barbie,202024,262.0,2995441,Jul 20,Warner Bros.,,,,False,https://www.boxofficemojo.com/release/rl2158461697/?ref_=bo_yld_table_18,Other and unclassified,2022–2025 full-scale war
2697,2023,19,Meg 2: The Trench,191989,276.0,599926,Aug 3,Warner Bros.,,,,False,https://www.boxofficemojo.com/release/rl2175238913/?ref_=bo_yld_table_19,Other and unclassified,2022–2025 full-scale war
2698,2023,20,About My Father,184758,186.0,184758,Jun 1,Ukrainian Film Distribution (UFD),,,,False,https://www.boxofficemojo.com/release/rl1268941569/?ref_=bo_yld_table_20,Other and unclassified,2022–2025 full-scale war
2752,2024,1,Despicable Me 4,1865570,189.0,2631635,Jul 3,Universal Pictures International (UPI),,,,False,https://www.boxofficemojo.com/release/rl1786150913/?ref_=bo_yld_table_1,Animated and family hero,2022–2025 full-scale war
2753,2024,2,The Wild Robot,1493309,191.0,1676069,Oct 17,Universal Pictures International (UPI),,,,False,https://www.boxofficemojo.com/release/rl1645248513/?ref_=bo_yld_table_2,Animated and family hero,2022–2025 full-scale war
2754,2024,3,Kung Fu Panda 4,1033645,188.0,1792781,Mar 14,Universal Pictures International (UPI),,,,False,https://www.boxofficemojo.com/release/rl1431863297/?ref_=bo_yld_table_3,Animated and family hero,2022–2025 full-scale war
2755,2024,4,Migration,790059,183.0,1409814,Dec 21,Universal Pictures International (UPI),,,,False,https://www.boxofficemojo.com/release/rl4266229761/?ref_=bo_yld_table_4,Animated and family hero,2022–2025 full-scale war
2756,2024,5,The Fall Guy,767150,345.0,767150,Apr 25,Universal Pictures International (UPI),,,,False,https://www.boxofficemojo.com/release/rl191135745/?ref_=bo_yld_table_5,"Action hero, spy, and criminal protagonist",2022–2025 full-scale war
2757,2024,6,Wicked,562781,180.0,579762,Nov 21,Universal Pictures International (UPI),,,,False,https://www.boxofficemojo.com/release/rl2417721345/?ref_=bo_yld_table_6,Fantasy hero and quest,2022–2025 full-scale war
2758,2024,7,Argylle,240023,169.0,610142,Feb 1,Universal Pictures International (UPI),,,,False,https://www.boxofficemojo.com/release/rl861110273/?ref_=bo_yld_table_7,Other and unclassified,2022–2025 full-scale war
2759,2024,8,IF,230000,180.0,426656,May 16,Paramount Pictures International,,,,True,https://www.boxofficemojo.com/release/rl314278657/?ref_=bo_yld_table_8,Other and unclassified,2022–2025 full-scale war
2760,2024,9,Night Swim,181526,153.0,192369,Jan 4,Universal Pictures International (UPI),,,,False,https://www.boxofficemojo.com/release/rl3913973761/?ref_=bo_yld_table_9,Other and unclassified,2022–2025 full-scale war
2761,2024,10,The Crow,149465,216.0,150416,Aug 22,,,,,False,https://www.boxofficemojo.com/release/rl2969796609/?ref_=bo_yld_table_10,Other and unclassified,2022–2025 full-scale war
2762,2024,11,Transformers One,135000,183.0,347415,Sep 19,Paramount Pictures International,,,,True,https://www.boxofficemojo.com/release/rl347833089/?ref_=bo_yld_table_11,Science-fiction and posthuman hero,2022–2025 full-scale war
2763,2024,12,Conclave,133247,125.0,164155,Nov 21,,,,,False,https://www.boxofficemojo.com/release/rl2518122497/?ref_=bo_yld_table_12,Other and unclassified,2022–2025 full-scale war
2764,2024,13,Maria,120436,115.0,141781,Nov 28,Green Light Film,,,,False,https://www.boxofficemojo.com/release/rl1444904961/?ref_=bo_yld_table_13,Other and unclassified,2022–2025 full-scale war
2765,2024,14,Abigail,80000,167.0,195127,Apr 18,Universal Pictures International (UPI),,,,True,https://www.boxofficemojo.com/release/rl6455297/?ref_=bo_yld_table_14,Other and unclassified,2022–2025 full-scale war
2766,2024,15,Back to Black,61620,140.0,70988,Apr 11,Universal Pictures International (UPI),,,,False,https://www.boxofficemojo.com/release/rl996376577/?ref_=bo_yld_table_15,Other and unclassified,2022–2025 full-scale war
2767,2024,16,The Bikeriders,59024,48.0,169759,Jun 20,Universal Pictures International (UPI),,,,False,https://www.boxofficemojo.com/release/rl276201473/?ref_=bo_yld_table_16,Other and unclassified,2022–2025 full-scale war
2768,2024,17,The Eggsplosive Easter,45337,230.0,45963,Apr 25,Kinomania,,,,False,https://www.boxofficemojo.com/release/rl895909889/?ref_=bo_yld_table_17,Other and unclassified,2022–2025 full-scale war
2769,2024,18,Civil War,41748,56.0,280180,Apr 11,Green Light Film,,,,False,https://www.boxofficemojo.com/release/rl325550081/?ref_=bo_yld_table_18,Other and unclassified,2022–2025 full-scale war
2770,2024,19,Never Let Go,36036,151.0,36036,Oct 10,Top Film Distribution,,,,False,https://www.boxofficemojo.com/release/rl2299297793/?ref_=bo_yld_table_19,Other and unclassified,2022–2025 full-scale war
2771,2024,20,Godzilla X Kong: The New Empire,27294,110.0,807349,Mar 28,Warner Bros.,,,,False,https://www.boxofficemojo.com/release/rl912687105/?ref_=bo_yld_table_20,Science-fiction and posthuman hero,2022–2025 full-scale war
2802,2025,1,How to Train Your Dragon,1489523,186.0,1873491,Jun 12,Universal Pictures International (UPI),,,,False,https://www.boxofficemojo.com/release/rl869171201/?ref_=bo_yld_table_1,Animated and family hero,2022–2025 full-scale war
2803,2025,2,Jurassic World: Rebirth,1416049,186.0,1482542,Jul 2,Universal Pictures International (UPI),,,,False,https://www.boxofficemojo.com/release/rl3671228417/?ref_=bo_yld_table_2,Science-fiction and posthuman hero,2022–2025 full-scale war
2804,2025,3,Five Nights at Freddy's 2,1247477,170.0,1264056,Dec 4,Universal Pictures International (UPI),,,,False,https://www.boxofficemojo.com/release/rl3548479489/?ref_=bo_yld_table_3,Horror and survival hero,2022–2025 full-scale war
2805,2025,4,The Bad Guys 2,1043611,185.0,1043611,Jul 31,Universal Pictures International (UPI),,,,False,https://www.boxofficemojo.com/release/rl769294337/?ref_=bo_yld_table_4,Animated and family hero,2022–2025 full-scale war
2806,2025,5,Nosferatu,719239,143.0,719239,Jan 2,Universal Pictures International (UPI),,,,False,https://www.boxofficemojo.com/release/rl1076330497/?ref_=bo_yld_table_5,Horror and survival hero,2022–2025 full-scale war
2807,2025,6,Demon Slayer: Kimetsu No Yaiba Infinity Castle,658399,,658399,Sep 11,,,,,True,https://www.boxofficemojo.com/release/rl3534782465/?ref_=bo_yld_table_6,Fantasy hero and quest,2022–2025 full-scale war
2808,2025,7,Babygirl,607857,235.0,992383,Jan 16,Green Light Film,,,,False,https://www.boxofficemojo.com/release/rl3156967425/?ref_=bo_yld_table_7,Other and unclassified,2022–2025 full-scale war
2809,2025,8,Bridget Jones: Mad About the Boy,462310,111.0,462310,Feb 13,Universal Pictures International (UPI),,,,False,https://www.boxofficemojo.com/release/rl4147150849/?ref_=bo_yld_table_8,Comic and romantic hero,2022–2025 full-scale war
2810,2025,9,Ballerina,428238,287.0,433939,Jun 4,,,,,False,https://www.boxofficemojo.com/release/rl3100606465/?ref_=bo_yld_table_9,"Action hero, spy, and criminal protagonist",2022–2025 full-scale war
2811,2025,10,Eternity,363301,,405733,Dec 4,A24,,,,False,https://www.boxofficemojo.com/release/rl310411265/?ref_=bo_yld_table_10,Other and unclassified,2022–2025 full-scale war
2812,2025,11,Nobody 2,346357,169.0,346357,Aug 14,Universal Pictures International (UPI),,,,False,https://www.boxofficemojo.com/release/rl1943961601/?ref_=bo_yld_table_11,"Action hero, spy, and criminal protagonist",2022–2025 full-scale war
2813,2025,12,Wicked: For Good,319455,148.0,333551,Nov 20,Universal Pictures International (UPI),,,,False,https://www.boxofficemojo.com/release/rl3657269249/?ref_=bo_yld_table_12,Fantasy hero and quest,2022–2025 full-scale war
2814,2025,13,Roofman,315443,165.0,315443,Oct 16,Green Light Film,,,,False,https://www.boxofficemojo.com/release/rl2918154241/?ref_=bo_yld_table_13,Other and unclassified,2022–2025 full-scale war
2815,2025,14,Black Bag,309668,83.0,309668,Mar 13,Universal Pictures International (UPI),,,,False,https://www.boxofficemojo.com/release/rl2419687425/?ref_=bo_yld_table_14,"Action hero, spy, and criminal protagonist",2022–2025 full-scale war
2816,2025,15,Black Phone 2,303373,163.0,303373,Oct 16,Universal Pictures International (UPI),,,,False,https://www.boxofficemojo.com/release/rl4226711553/?ref_=bo_yld_table_15,Horror and survival hero,2022–2025 full-scale war
2817,2025,16,The Monkey,235558,209.0,235558,Feb 20,Karoprokat,,,,False,https://www.boxofficemojo.com/release/rl2033418241/?ref_=bo_yld_table_16,Other and unclassified,2022–2025 full-scale war
2818,2025,17,Den of Thieves: Pantera,225182,45.0,225182,Jan 9,Unicorn Media,,,,False,https://www.boxofficemojo.com/release/rl304709633/?ref_=bo_yld_table_17,Other and unclassified,2022–2025 full-scale war
2819,2025,18,The Phoenician Scheme,180289,110.0,180289,May 29,Universal Pictures International (UPI),,,,False,https://www.boxofficemojo.com/release/rl3083501569/?ref_=bo_yld_table_18,Other and unclassified,2022–2025 full-scale war
2820,2025,19,The Smashing Machine,162372,221.0,162372,Oct 9,Global Film,,,,False,https://www.boxofficemojo.com/release/rl1592754177/?ref_=bo_yld_table_19,Other and unclassified,2022–2025 full-scale war
2821,2025,20,Now You See Me: Now You Don't,160345,159.0,1571144,Nov 12,Unicorn Media,,,,False,https://www.boxofficemojo.com/release/rl2331934721/?ref_=bo_yld_table_20,Other and unclassified,2022–2025 full-scale war
